Family.name,Family,Subfamily,Tribe,Common.name,Scientific.name,Movement,X2024.IUCN.Red.List.category,if_fao,if_new_infect,if_birdlife_breeding,if_birdlife_nonbreeding,X1,X2,X3,X4,X5,X6.1,X7,X8,X9,X10,X11,X12.,if_movebank,if_birdlife_std,low_season,Flyways,Current.population.trend,Family2,Order2,Avibase.ID2,Min.Latitude,Max.Latitude,Centroid.Latitude,Centroid.Longitude,Range.Size,Species.Status,Total.individuals,Female,Male,Unknown,Complete.measures,Beak.Length_Culmen,Beak.Length_Nares,Beak.Width,Beak.Depth,Tarsus.Length,Wing.Length,Kipps.Distance,Secondary1,Hand-Wing.Index,Tail.Length,Mass,Mass.Source,Mass.Refs.Other,Inference,Traits.inferred,Reference.species,Habitat,Habitat.Density,Migration,Trophic.Level,Trophic.Niche,Primary.Lifestyle
Spheniscidae,Penguins,NA,NA,King Penguin,Aptenodytes patagonicus,Pelagic,LC,1,n,TRUE,TRUE,1,1,1,2,0,0,0,0,2,1,1,1,1,1,0,,NA,Spheniscidae,Sphenisciformes,AVIBASE-827A77C7,-54.89,-45.97,-51.39,-14.56060829,24905.39,Extant,5,2,3,0,4,105.6,65.7,11,17.8,52.2,167.2,6.2,161.1,3.7,63.8,11731.1,Dunning,NA,NO,NA,NA,Marine,3,2,Carnivore,Aquatic predator,Aquatic
Spheniscidae,Penguins,NA,NA,Emperor Penguin,Aptenodytes forsteri,Pelagic,NT,0,NA,TRUE,TRUE,1,1,2,0,0,0,0,0,0,2,1,1,1,0,0,,NA,Spheniscidae,Sphenisciformes,AVIBASE-58848B71,-78.26,-65.12,-71.04,50.53153141,83236.83,Extant,5,2,2,1,4,94.2,53.5,13.9,17.7,47.2,179.4,6.7,175.1,3.7,117.5,33569.3,Dunning,NA,NO,NA,NA,Marine,3,2,Carnivore,Aquatic predator,Aquatic
Spheniscidae,Penguins,NA,NA,Gentoo Penguin,Pygoscelis papua,Pelagic,LC,1,n,TRUE,TRUE,0,0,0,0,0,2,1,1,1,1,1,2,0,1,0,,NA,Spheniscidae,Sphenisciformes,AVIBASE-F2B3BF2A,-64.78,-45.97,-54.31,-25.59823906,31443.71,Extant,4,2,2,0,4,64.8,37.8,12.4,17,33,126.1,6.2,119.8,5,122.8,5933,Dunning,NA,NO,NA,NA,Marine,3,2,Carnivore,Aquatic predator,Aquatic
Spheniscidae,Penguins,NA,NA,Adelie Penguin,Pygoscelis adeliae,Pelagic,LC,0,NA,TRUE,TRUE,1,1,2,0,0,0,0,0,2,1,1,1,1,1,0,,NA,Spheniscidae,Sphenisciformes,AVIBASE-4A947BE7,-78.19,-54.4,-70.24,99.2760525,148210.8,Extant,5,3,2,0,4,59.7,24.2,12.9,17.2,32.5,94.5,7.2,89.5,7.4,139,4847.7,Dunning,NA,NO,NA,NA,Marine,3,2,Carnivore,Aquatic predator,Aquatic
Spheniscidae,Penguins,NA,NA,Chinstrap Penguin,Pygoscelis antarcticus,Pelagic,LC,1,o,TRUE,TRUE,2,0,0,2,1,1,2,0,0,0,2,1,0,1,0,,NA,Spheniscidae,Sphenisciformes,AVIBASE-75B943A3,-68.89,-53.97,-61.33,-39.88990174,12591.58,Extant,8,4,4,0,4,61.8,34,14.8,19.2,27,100.5,4.8,95.7,4.8,138,4146.1,Dunning,NA,NO,NA,NA,Marine,3,2,Carnivore,Aquatic predator,Aquatic
Spheniscidae,Penguins,NA,NA,Royal Penguin,Eudyptes schlegeli,Pelagic,LC,0,NA,TRUE,TRUE,1,2,0,0,0,0,0,0,2,1,1,1,0,0,0,,NA,Spheniscidae,Sphenisciformes,AVIBASE-01A11B3A,-54.78,-54.49,-54.63,158.8823081,127.71,Extant,4,0,4,0,4,70.7,43.9,16.4,26.9,29.7,121,6.3,114.7,5.2,95.2,4242.6,Dunning,NA,NO,NA,NA,Marine,3,2,Carnivore,Aquatic predator,Aquatic
Spheniscidae,Penguins,NA,NA,Macaroni Penguin,Eudyptes chrysolophus,Pelagic,VU,0,NA,TRUE,TRUE,1,2,2,0,0,0,0,0,2,2,2,1,0,1,0,,NA,Spheniscidae,Sphenisciformes,AVIBASE-2C2BC004,-64.84,-45.97,-54.32,-39.69406611,48864.72,Extant,5,0,2,3,4,60.8,34.1,16.2,23.9,35.1,116.5,6.7,109.8,5.8,103.2,4485.1,Dunning,NA,NO,NA,NA,Marine,3,2,Carnivore,Aquatic predator,Aquatic
Spheniscidae,Penguins,NA,NA,Northern Rockhopper Penguin,Eudyptes moseleyi,Pelagic,EN,0,NA,TRUE,TRUE,1,1,1,1,2,0,0,0,2,1,1,1,0,1,0,,NA,Spheniscidae,Sphenisciformes,AVIBASE-8722DFC2,-40.37,-37.06,-38.2,11.1836547,248.71,Extant,5,2,3,0,4,53.4,30.4,14,20.4,34.8,102.2,5.7,96.6,5.5,62.4,2327.9,Dunning,NA,NO,NA,NA,Marine,3,2,Carnivore,Aquatic predator,Aquatic
Spheniscidae,Penguins,NA,NA,Southern Rockhopper Penguin,Eudyptes chrysocome,Pelagic,VU,1,n,TRUE,TRUE,0,0,0,0,0,0,0,0,0,2,1,2,0,1,0,,NA,Spheniscidae,Sphenisciformes,AVIBASE-4023CC81,-55.98,-45.97,-52.52,-31.49319228,35718.74,Extant,10,1,5,4,8,49.9,26.8,13.4,21.3,25.7,97.9,6.3,91.6,6.5,87.4,2327.9,Dunning,NA,NO,NA,NA,Marine,3,2,Carnivore,Aquatic predator,Aquatic
Spheniscidae,Penguins,NA,NA,Erect-crested Penguin,Eudyptes sclateri,Pelagic,EN,0,NA,TRUE,TRUE,1,1,1,2,0,0,0,0,2,1,1,1,0,1,0,,NA,Spheniscidae,Sphenisciformes,AVIBASE-3B58C04E,-49.72,-47.69,-49.61,178.8120573,23.43,Extant,4,0,0,4,2,66.2,37.8,17.6,27.2,29.4,111.3,6.6,104.8,5.9,94,5889,Dunning,NA,NO,NA,NA,Marine,3,2,Carnivore,Aquatic predator,Aquatic
Spheniscidae,Penguins,NA,NA,Fiordland Penguin,Eudyptes pachyrhynchus,Pelagic,NT,0,NA,TRUE,TRUE,0,0,2,1,1,1,1,1,2,0,0,0,0,1,0,,NA,Spheniscidae,Sphenisciformes,AVIBASE-A143FB33,-47.28,-43.74,-45.62,167.4324033,26.15,Extant,4,2,1,1,1,49.4,34.6,16.4,23.7,31.1,155.3,3,88.3,3.3,90.8,3904.9,Dunning,NA,NO,NA,NA,Marine,3,2,Carnivore,Aquatic predator,Aquatic
Spheniscidae,Penguins,NA,NA,Snares Penguin,Eudyptes robustus,Pelagic,VU,0,NA,TRUE,TRUE,1,1,2,0,0,0,0,0,0,2,1,1,1,1,0,,NA,Spheniscidae,Sphenisciformes,AVIBASE-5EA37AA8,-48.04,-48,-48.01,166.5518527,2.9,Extant,4,0,1,3,4,56.1,36.1,16,25.7,28,97.8,6,91.7,6.2,84.5,3038,Dunning,NA,NO,NA,NA,Marine,3,2,Carnivore,Aquatic predator,Aquatic
Spheniscidae,Penguins,NA,NA,Yellow-eyed Penguin,Megadyptes antipodes,Pelagic,EN,0,NA,TRUE,TRUE,1,1,2,0,0,0,0,2,1,1,1,1,0,0,0,,NA,Spheniscidae,Sphenisciformes,AVIBASE-9DF07165,-52.83,-41.23,-45.92,170.5275229,80802.25,Extant,4,0,2,2,3,64.7,33.5,10.8,20,33.1,128.2,9,119.2,7.1,58.7,5326.2,Dunning,NA,NO,NA,NA,Marine,3,1,Carnivore,Aquatic predator,Aquatic
Spheniscidae,Penguins,NA,NA,Little Penguin,Eudyptula minor,Pelagic,LC,0,NA,TRUE,TRUE,1,2,0,0,0,0,0,2,1,1,1,1,0,1,0,,NA,Spheniscidae,Sphenisciformes,AVIBASE-151738D5,-47.47,-30.49,-40.8,162.1887585,365250.03,Extant,7,0,0,7,4,47.5,23.6,6.9,13.7,22.1,67.2,3.8,63.5,5.6,27,1107.8,Dunning,NA,NO,NA,NA,Marine,3,2,Carnivore,Aquatic predator,Aquatic
Spheniscidae,Penguins,NA,NA,African Penguin,Spheniscus demersus,Pelagic,CR,1,o,TRUE,TRUE,1,1,2,0,0,0,0,0,0,2,1,1,0,1,0,,NA,Spheniscidae,Sphenisciformes,AVIBASE-9B183BDD,-35.98,-17.07,-31.44,21.45878388,330067.23,Extant,5,0,1,4,4,61.5,31,10.1,24.3,32.3,98.5,3.6,94.9,3.7,28.5,3130.1,Dunning,NA,NO,NA,NA,Marine,3,2,Carnivore,Aquatic predator,Aquatic
Spheniscidae,Penguins,NA,NA,Magellanic Penguin,Spheniscus magellanicus,Pelagic,LC,1,n,TRUE,TRUE,2,0,0,2,1,1,1,1,1,1,1,1,0,1,0,,NA,Spheniscidae,Sphenisciformes,AVIBASE-3B4B29E0,-56.72,-33.67,-49.07,-69.55384472,940638.86,Extant,5,0,0,5,4,60.2,27.7,10.2,23.4,35.5,109.6,4.1,105.1,3.8,23.4,4105.1,Dunning,NA,NO,NA,NA,Marine,3,2,Carnivore,Aquatic predator,Aquatic
Spheniscidae,Penguins,NA,NA,Humboldt Penguin,Spheniscus humboldti,Pelagic,VU,1,n,TRUE,TRUE,1,1,1,1,2,0,0,0,2,1,1,1,0,1,0,,NA,Spheniscidae,Sphenisciformes,AVIBASE-37FC130F,-55.93,-4.87,-23.48,-73.77536534,73314.02,Extant,5,1,0,4,4,63.7,27.3,9.1,21.1,39,105.2,4.6,100.7,4.4,28.1,4366.4,Dunning,NA,NO,NA,NA,Marine,3,2,Carnivore,Aquatic predator,Aquatic
Spheniscidae,Penguins,NA,NA,Galapagos Penguin,Spheniscus mendiculus,Pelagic,EN,0,NA,TRUE,TRUE,2,1,1,1,1,1,1,1,1,1,2,0,0,0,0,,NA,Spheniscidae,Sphenisciformes,AVIBASE-ACAA25BF,-1.31,0.17,-0.48,-91.4025043,1040.81,Extant,4,0,0,4,4,63.9,30.4,8,17.5,25.9,82.8,4,78.8,4.8,26.1,1921.9,Dunning,NA,NO,NA,NA,Marine,3,2,Carnivore,Aquatic predator,Aquatic
Oceanitidae,Southern Storm-petrels,NA,NA,Wilson's Storm-petrel,Oceanites oceanicus,Pelagic,LC,0,NA,TRUE,TRUE,1,1,1,1,2,0,0,0,0,0,0,2,0,1,0,"Atlantic Flyway,Central and Eastern Pacific Flyway,East Indian Ocean Flyway,North Indian Ocean Flyway,Western Pacific Flyway",Stable,Oceanitidae,Procellariiformes,AVIBASE-D295D249,-73.66,-48.45,-54.16,-20.87579418,28528.95,Extant,5,2,3,0,4,16.3,7.1,2.9,3.8,34.9,147.2,86.6,61.2,58.6,66,30.4,Dunning,NA,NO,NA,NA,Marine,3,3,Carnivore,Aquatic predator,Aerial
Oceanitidae,Southern Storm-petrels,NA,NA,White-vented Storm-petrel,Oceanites gracilis,Pelagic,DD,0,NA,TRUE,TRUE,2,0,0,2,2,2,2,2,2,2,2,2,0,0,0,Central and Eastern Pacific Flyway,Unknown,Oceanitidae,Procellariiformes,AVIBASE-934FEF66,-35.29,2.31,-10.43,-80.86181763,1761960.92,Extant,5,2,3,0,4,13,5.3,1.8,2.8,29.6,133.4,79.4,54.4,59.3,55.8,16.7,Dunning,NA,NO,NA,NA,Marine,3,2,Carnivore,Aquatic predator,Aerial
Oceanitidae,Southern Storm-petrels,NA,NA,Pincoya Storm-petrel,Oceanites pincoyae,Pelagic,DD,0,NA,TRUE,TRUE,1,2,0,0,0,0,0,0,0,2,1,1,0,0,0,,NA,Oceanitidae,Procellariiformes,AVIBASE-7A8599C2,NA,NA,NA,NA,NA,NA,0,0,0,0,0,13,5.3,1.8,2.8,29.6,133.4,79.4,54.4,59.3,55.8,26,Updated_literature,BoW,YES,Beak Culmen; Beak Nares; Beak Width; Beak Depth; Tarsus Length; Wing Length; Kipp's Distance; Secondary1; Hand-Wing Index; Tail Length,Oceanites gracilis,NA,3,2,Carnivore,Aquatic predator,Aerial
Oceanitidae,Southern Storm-petrels,NA,NA,Grey-backed Storm-petrel,Garrodia nereis,Pelagic,LC,0,NA,TRUE,TRUE,1,1,1,2,0,0,0,2,1,1,1,1,0,0,0,Southern Ocean Flyway,Decreasing,Oceanitidae,Procellariiformes,AVIBASE-F5C74C92,-63.76,-29.07,-48.05,25.61706865,28460926.48,Extant,5,2,3,0,4,16.4,7.5,2.9,4,31.6,125.2,69.4,55.1,55.7,65.6,38.2,Dunning,NA,NO,NA,NA,Marine,3,2,Carnivore,Aquatic predator,Aerial
Oceanitidae,Southern Storm-petrels,NA,NA,White-faced Storm-petrel,Pelagodroma marina,Pelagic,LC,0,NA,TRUE,TRUE,2,2,2,2,2,2,2,2,2,2,2,2,0,1,1,"Atlantic Flyway,Central and Eastern Pacific Flyway,East Indian Ocean Flyway,North Indian Ocean Flyway,Western Pacific Flyway",Decreasing,Oceanitidae,Procellariiformes,AVIBASE-E9DF118E,-55.33,47.04,-15.19,-1.998051662,104837176.2,Extant,5,2,2,1,4,21.1,10.2,3.5,4,40.6,158.2,86.2,73.1,54.1,73.4,47.2,Dunning,NA,NO,NA,NA,Marine,3,3,Carnivore,Aquatic predator,Aerial
Oceanitidae,Southern Storm-petrels,NA,NA,White-bellied Storm-petrel,Fregetta grallaria,Pelagic,LC,0,NA,TRUE,TRUE,1,1,1,1,2,0,0,0,0,0,0,2,0,0,0,"Atlantic Flyway,Central and Eastern Pacific Flyway",Decreasing,Oceanitidae,Procellariiformes,AVIBASE-224E1093,-53.97,7.24,-26.74,-24.62840533,75851931.13,Extant,5,1,4,0,4,19.3,8.7,3.3,4.7,36.9,168.6,98.4,70.6,58.2,76.8,50.6,Dunning,NA,NO,NA,NA,Marine,3,3,Carnivore,Aquatic predator,Aerial
Oceanitidae,Southern Storm-petrels,NA,NA,Black-bellied Storm-petrel,Fregetta tropica,Pelagic,LC,0,NA,TRUE,TRUE,1,1,1,1,1,2,2,0,2,1,1,1,0,0,0,"Atlantic Flyway,Central and Eastern Pacific Flyway,East Indian Ocean Flyway,North Indian Ocean Flyway,Western Pacific Flyway",Decreasing,Oceanitidae,Procellariiformes,AVIBASE-ACE8EADE,-63.34,-43.7,-53.2,-23.01057219,29279.55,Extant,5,2,3,0,4,20.7,8.2,3,4.4,39.3,164.4,92.2,71.1,56.5,76.2,52,Dunning,NA,NO,NA,NA,Marine,3,3,Carnivore,Aquatic predator,Aerial
Oceanitidae,Southern Storm-petrels,NA,NA,New Zealand Storm-petrel,Fregetta maoriana,Pelagic,CR,0,NA,TRUE,TRUE,2,1,1,1,1,1,2,0,0,0,0,0,0,0,0,,NA,Oceanitidae,Procellariiformes,AVIBASE-5DB83DA9,NA,NA,NA,NA,NA,NA,1,0,0,1,1,17.3,8.1,3.2,4.9,35.2,141,81.3,59.7,57.7,87,34.5,Updated_literature,Dunning (2021),NO,NA,NA,Marine,3,2,Carnivore,Aquatic predator,Aerial
Oceanitidae,Southern Storm-petrels,NA,NA,New Caledonian Storm-petrel,Fregetta lineata,Pelagic,DD,0,NA,TRUE,TRUE,DD,NA,NA,NA,NA,NA,NA,NA,NA,NA,NA,NA,0,0,0,,NA,NA,NA,NA,NA,NA,NA,NA,NA,NA,NA,NA,NA,NA,NA,NA,NA,NA,NA,NA,NA,NA,NA,NA,NA,NA,NA,NA,NA,NA,NA,NA,NA,NA,NA,NA,NA
Oceanitidae,Southern Storm-petrels,NA,NA,Polynesian Storm-petrel,Nesofregetta fuliginosa,Pelagic,EN,0,NA,TRUE,TRUE,2,2,2,2,2,2,2,2,2,2,2,2,0,0,1,Central and Eastern Pacific Flyway,Decreasing,Oceanitidae,Procellariiformes,AVIBASE-89BF14AC,-31.42,8.04,-13.01,-122.1511454,29441980.12,Extant,5,2,2,1,4,21.9,10.3,4.7,5.3,44.6,197.6,110,86.8,55.9,99.8,70,Dunning,NA,NO,NA,NA,Marine,3,3,Carnivore,Aquatic predator,Aerial
Hydrobatidae,Northern Storm-petrels,NA,NA,European Storm-petrel,Hydrobates pelagicus,Pelagic,LC,0,NA,TRUE,TRUE,0,0,2,2,1,1,1,1,1,1,2,0,1,1,0,Atlantic Flyway,Unknown,Hydrobatidae,Procellariiformes,AVIBASE-E1638A37,-42.34,69.74,12.19,-20.36938094,50310627.51,Extant,7,4,3,0,4,13.7,6.1,2.3,3.5,22.2,119,69.8,48.5,59,54.6,25.2,Dunning,NA,NO,NA,NA,Marine,3,3,Carnivore,Aquatic predator,Aerial
Hydrobatidae,Northern Storm-petrels,NA,NA,Cape Verde Storm-petrel,Hydrobates jabejabe,Pelagic,LC,0,NA,TRUE,TRUE,2,2,2,2,2,2,2,2,2,2,2,2,0,0,1,Atlantic Flyway,Decreasing,Hydrobatidae,Procellariiformes,AVIBASE-0F6A5DD6,NA,NA,NA,NA,NA,NA,0,0,0,0,0,15.6,10.2,2.7,4.6,22.6,150.4,89.8,59.8,60,69,46.1,DataFromSplit,NA,YES,Beak Culmen; Beak Nares; Beak Width; Beak Depth; Tarsus Length; Wing Length; Kipp's Distance; Secondary1; Hand-Wing Index; Tail Length,Hydrobates castro,Marine,3,3,Carnivore,Aquatic predator,Aerial
Hydrobatidae,Northern Storm-petrels,NA,NA,Band-rumped Storm-petrel,Hydrobates castro,Pelagic,LC,0,NA,TRUE,TRUE,DD,NA,NA,NA,NA,NA,NA,NA,NA,NA,NA,NA,0,0,0,"Atlantic Flyway,Central and Eastern Pacific Flyway",Decreasing,Hydrobatidae,Procellariiformes,AVIBASE-D3FAE385,NA,NA,NA,NA,NA,NA,5,3,2,0,4,15.6,10.2,2.7,4.6,22.6,150.4,89.8,59.8,60,69,46.1,Dunning,NA,NO,NA,NA,Marine,3,3,Carnivore,Aquatic predator,Aerial
Hydrobatidae,Northern Storm-petrels,NA,NA,Monteiro's Storm-petrel,Hydrobates monteiroi,Pelagic,VU,0,NA,TRUE,TRUE,2,2,2,2,2,2,2,2,2,2,2,2,0,0,1,,NA,Hydrobatidae,Procellariiformes,AVIBASE-3E579E5B,NA,NA,NA,NA,NA,NA,1,0,1,0,1,15.5,9.7,3,4.6,22.2,153,67,86,43.8,91,46.1,Dunning,NA,NO,NA,NA,Marine,3,3,Carnivore,Aquatic predator,Aerial
Hydrobatidae,Northern Storm-petrels,NA,NA,Matsudaira's Storm-petrel,Hydrobates matsudairae,Pelagic,VU,0,NA,TRUE,TRUE,2,1,1,1,1,2,0,0,0,0,0,0,0,0,0,"East Indian Ocean Flyway,Western Pacific Flyway",Unknown,Hydrobatidae,Procellariiformes,AVIBASE-6AA236DD,NA,NA,NA,NA,NA,NA,2,2,0,0,2,20.1,11.5,3.4,4.8,25.2,185,108.5,76.5,58.6,91,62,Dunning,NA,NO,NA,NA,Marine,3,3,Carnivore,Aquatic predator,Aerial
Hydrobatidae,Northern Storm-petrels,NA,NA,Black Storm-petrel,Hydrobates melania,Pelagic,LC,0,NA,TRUE,TRUE,2,2,2,2,2,2,2,2,2,2,2,2,0,0,1,,NA,Hydrobatidae,Procellariiformes,AVIBASE-149499C6,NA,NA,NA,NA,NA,NA,4,2,2,0,4,17.5,9.6,3.3,4.9,29.8,172.2,106.2,66,61.6,81,61.5,Dunning,NA,NO,NA,NA,Marine,3,3,Carnivore,Aquatic predator,Aerial
Hydrobatidae,Northern Storm-petrels,NA,NA,Ashy Storm-petrel,Hydrobates homochroa,Pelagic,EN,0,NA,TRUE,TRUE,2,2,2,2,2,2,2,2,2,2,2,2,0,0,1,,NA,Hydrobatidae,Procellariiformes,AVIBASE-04B43245,NA,NA,NA,NA,NA,NA,4,1,2,1,2,16.7,8.8,2.5,4.3,21.4,132.8,77.3,55,58.4,71.5,36.9,Dunning,NA,NO,NA,NA,Marine,3,3,Carnivore,Aquatic predator,Aerial
Hydrobatidae,Northern Storm-petrels,NA,NA,Least Storm-petrel,Hydrobates microsoma,Pelagic,LC,0,NA,TRUE,TRUE,0,0,0,0,0,2,1,1,1,2,0,0,0,0,0,,NA,Hydrobatidae,Procellariiformes,AVIBASE-183CC218,NA,NA,NA,NA,NA,NA,5,2,3,0,4,12.2,7.6,1.8,3.5,21.7,119,72,48,60,56.4,20.5,Dunning,NA,NO,NA,NA,Marine,3,2,Carnivore,Aquatic predator,Aerial
Hydrobatidae,Northern Storm-petrels,NA,NA,Wedge-rumped Storm-petrel,Hydrobates tethys,Pelagic,LC,0,NA,TRUE,TRUE,2,2,2,2,2,2,2,2,2,0,0,2,0,0,0,Central and Eastern Pacific Flyway,Decreasing,Hydrobatidae,Procellariiformes,AVIBASE-7BE70E1F,NA,NA,NA,NA,NA,NA,5,2,3,0,4,13.3,8.3,2,3.5,21.8,129.8,78.5,53.8,59.4,58.8,22.6,Dunning,NA,NO,NA,NA,Marine,3,3,Carnivore,Aquatic predator,Aerial
Hydrobatidae,Northern Storm-petrels,NA,NA,Townsend's Storm-petrel,Hydrobates socorroensis,Pelagic,EN,0,NA,TRUE,TRUE,0,0,0,0,2,1,1,1,1,1,2,0,0,1,0,,NA,Hydrobatidae,Procellariiformes,AVIBASE-C794DCC7,NA,NA,NA,NA,NA,NA,0,0,0,0,0,17.8,10.6,3.1,4.5,23.1,150.4,88.2,62,58.8,75.4,36.7,DataFromSplit,NA,YES,Beak Culmen; Beak Nares; Beak Width; Beak Depth; Tarsus Length; Wing Length; Kipp's Distance; Secondary1; Hand-Wing Index; Tail Length,Hydrobates leucorhous,Marine,3,3,Carnivore,Aquatic predator,Aerial
Hydrobatidae,Northern Storm-petrels,NA,NA,Ainley's Storm-petrel,Hydrobates cheimomnestes,Pelagic,VU,0,NA,TRUE,TRUE,1,2,2,2,0,0,0,0,0,2,1,1,0,1,0,Central and Eastern Pacific Flyway,Stable,Hydrobatidae,Procellariiformes,AVIBASE-B57A7ED2,NA,NA,NA,NA,NA,NA,0,0,0,0,0,17.8,10.6,3.1,4.5,23.1,150.4,88.2,62,58.8,75.4,36.7,DataFromSplit,NA,YES,Beak Culmen; Beak Nares; Beak Width; Beak Depth; Tarsus Length; Wing Length; Kipp's Distance; Secondary1; Hand-Wing Index; Tail Length,Hydrobates leucorhous,Marine,3,3,Carnivore,Aquatic predator,Aerial
Hydrobatidae,Northern Storm-petrels,NA,NA,Leach's Storm-petrel,Hydrobates leucorhous,Pelagic,VU,0,NA,TRUE,TRUE,0,0,0,2,2,2,1,1,1,2,2,0,0,0,0,"Atlantic Flyway,Central and Eastern Pacific Flyway",Decreasing,Hydrobatidae,Procellariiformes,AVIBASE-C5FB15C6,NA,NA,NA,NA,NA,NA,5,2,3,0,4,17.8,10.6,3.1,4.5,23.1,150.4,88.2,62,58.8,75.4,36.7,Dunning,NA,NO,NA,NA,Marine,3,3,Carnivore,Aquatic predator,Aerial
Hydrobatidae,Northern Storm-petrels,NA,NA,Swinhoe's Storm-petrel,Hydrobates monorhis,Pelagic,NT,0,NA,TRUE,TRUE,0,0,0,2,1,1,2,0,0,0,0,0,0,0,0,North Indian Ocean Flyway,Stable,Hydrobatidae,Procellariiformes,AVIBASE-80DE8670,NA,NA,NA,NA,NA,NA,5,1,3,1,4,16.5,9.5,3,4.5,23.2,152.6,89.2,63.8,58.4,71.6,39.8,Dunning,NA,NO,NA,NA,Marine,3,3,Carnivore,Aquatic predator,Aerial
Hydrobatidae,Northern Storm-petrels,NA,NA,Guadalupe Storm-petrel,Hydrobates macrodactylus,Pelagic,CR (PE),0,NA,FALSE,FALSE,0,2,1,1,1,1,1,2,0,0,0,0,0,0,0,Central and Eastern Pacific Flyway,Unknown,NA,NA,NA,NA,NA,NA,NA,NA,NA,NA,NA,NA,NA,NA,NA,NA,NA,NA,NA,NA,NA,NA,NA,NA,NA,NA,NA,NA,NA,NA,NA,NA,NA,NA,NA,NA
Hydrobatidae,Northern Storm-petrels,NA,NA,Tristram's Storm-petrel,Hydrobates tristrami,Pelagic,LC,0,NA,TRUE,TRUE,1,1,1,2,2,0,0,0,0,2,1,1,0,0,0,"Central and Eastern Pacific Flyway,Western Pacific Flyway",Stable,Hydrobatidae,Procellariiformes,AVIBASE-EDF95934,NA,NA,NA,NA,NA,NA,5,0,5,0,4,20.3,11.6,3.5,5.3,26.6,177.4,102.5,76.8,57.2,92.2,89.1,Dunning,NA,NO,NA,NA,Marine,3,3,Carnivore,Aquatic predator,Aerial
Hydrobatidae,Northern Storm-petrels,NA,NA,Markham's Storm-petrel,Hydrobates markhami,Pelagic,NT,0,NA,TRUE,TRUE,2,2,2,2,2,2,2,2,2,2,2,2,0,0,1,Central and Eastern Pacific Flyway,Decreasing,Hydrobatidae,Procellariiformes,AVIBASE-326E50B4,NA,NA,NA,NA,NA,NA,5,3,2,0,4,20.1,11.1,3.1,4.7,23.2,170.8,104.2,65.8,61.3,91.4,53.1,Dunning,NA,NO,NA,NA,Marine,3,3,Carnivore,Aquatic predator,Aerial
Hydrobatidae,Northern Storm-petrels,NA,NA,Fork-tailed Storm-petrel,Hydrobates furcatus,Pelagic,LC,0,NA,TRUE,TRUE,0,2,2,2,1,1,1,1,1,2,0,0,0,0,0,Central and Eastern Pacific Flyway,Increasing,Hydrobatidae,Procellariiformes,AVIBASE-DD814006,NA,NA,NA,NA,NA,NA,5,2,3,0,4,17.1,10.1,3,5.1,25.3,155.6,93.8,60.8,60.8,90,59.7,Dunning,NA,NO,NA,NA,Marine,3,3,Carnivore,Aquatic predator,Aerial
Hydrobatidae,Northern Storm-petrels,NA,NA,Ringed Storm-petrel,Hydrobates hornbyi,Pelagic,NT,0,NA,TRUE,TRUE,1,1,1,2,2,2,2,2,2,0,2,1,0,0,0,,NA,Hydrobatidae,Procellariiformes,AVIBASE-5F5C5FD3,NA,NA,NA,NA,NA,NA,4,2,2,0,4,20.8,10.6,2.8,3.8,25,163.2,95.2,68,58.3,81.5,40.6,Dunning,NA,NO,NA,NA,Marine,3,3,Carnivore,Aquatic predator,Aerial
Diomedeidae,Albatrosses,NA,NA,Northern Royal Albatross,Diomedea sanfordi,Pelagic,EN,0,NA,TRUE,TRUE,2,2,2,2,2,2,2,2,2,2,2,2,0,1,1,"Central and Eastern Pacific Flyway,Southern Ocean Flyway",Decreasing,NA,NA,NA,-65.15,-14.68,-47.6,6.641966831,65315175.79,Extant,4,2,0,2,3,172.8,120.1,38.9,51.8,122.2,610.8,380.3,214.7,64.1,176.5,8905.61,Dunning,NA,NO,NA,NA,NA,3,3,Carnivore,Aquatic predator,Aquatic
Diomedeidae,Albatrosses,NA,NA,Southern Royal Albatross,Diomedea epomophora,Pelagic,VU,0,NA,TRUE,TRUE,2,2,2,2,2,2,2,2,2,2,2,2,0,1,1,"Central and Eastern Pacific Flyway,Southern Ocean Flyway",Stable,Diomedeidae,Procellariiformes,AVIBASE-7F8087A4,-63.45,-21.3,-48.55,6.582769731,56488370.78,Extant,8,2,0,6,7,179.7,128.8,38.5,50.6,121.1,636.6,375.9,257.7,59.7,226.4,8905.6,Dunning,NA,NO,NA,NA,NA,3,3,Carnivore,Aquatic predator,Aquatic
Diomedeidae,Albatrosses,NA,NA,Snowy Albatross,Diomedea exulans,Pelagic,VU,0,NA,TRUE,TRUE,2,2,2,2,2,2,2,2,2,2,2,2,1,1,1,Southern Ocean Flyway,Decreasing,Diomedeidae,Procellariiformes,AVIBASE-47BA9D53,-68.17,-22.88,-46.83,2.356089629,97771387.54,Extant,16,4,8,4,11,157.9,109.3,34.5,47,111.2,633.8,354.9,275.6,56.4,210.7,6961.3,Dunning,NA,NO,NA,NA,Marine,3,2,Carnivore,Aquatic predator,Aquatic
Diomedeidae,Albatrosses,NA,NA,Antipodean Albatross,Diomedea antipodensis,Pelagic,EN,0,NA,TRUE,TRUE,1,1,2,0,0,0,0,0,0,0,2,1,0,1,0,"Central and Eastern Pacific Flyway,Southern Ocean Flyway",Decreasing,NA,NA,NA,-70.17,-25.38,-47.72,-32.52392476,41292113.51,Extant,3,1,1,1,3,150.6,110.8,34.6,45.1,112.2,628.3,419,209.3,66.7,176.4,6961.29,Dunning,NA,NO,NA,NA,NA,3,3,Carnivore,Aquatic predator,Aquatic
Diomedeidae,Albatrosses,NA,NA,Amsterdam Albatross,Diomedea amsterdamensis,Pelagic,EN,0,NA,TRUE,TRUE,2,2,2,2,2,2,2,2,2,2,2,2,0,0,1,Southern Ocean Flyway,Increasing,NA,NA,NA,-44.59,-26.63,-36.17,66.02767768,11232098.42,Extant,1,0,0,1,0,154,99.4,31.2,38.6,102.4,636.5,244,392.5,38.3,295.2,6270,Dunning,NA,YES,Tarsus Length; Kipp's Distance; Secondary1; Wing Length; Hand-Wing Index; Tail Length,Diomedea dabbenena,NA,3,3,Carnivore,Aquatic predator,Aquatic
Diomedeidae,Albatrosses,NA,NA,Tristan Albatross,Diomedea dabbenena,Pelagic,CR,0,NA,TRUE,TRUE,2,2,2,0,0,0,0,0,0,0,2,2,0,1,0,"Atlantic Flyway,Southern Ocean Flyway",Decreasing,NA,NA,NA,-58.62,-13.8,-38.41,14.06272203,38674167.21,Extant,4,1,3,0,4,155.4,104.6,33.1,45.5,102.4,636.5,244,392.5,38.3,295.2,6961.29,Dunning,NA,NO,NA,NA,NA,3,3,Carnivore,Aquatic predator,Aquatic
Diomedeidae,Albatrosses,NA,NA,Sooty Albatross,Phoebetria fusca,Pelagic,EN,0,NA,TRUE,TRUE,2,2,2,2,2,0,2,2,2,2,2,2,0,1,0,Southern Ocean Flyway,Decreasing,Diomedeidae,Procellariiformes,AVIBASE-4976BF1D,-74.01,-20.45,-45.67,34.42890221,61330907.01,Extant,4,1,3,0,4,108.9,71.4,17.6,29.8,76.2,510.2,348.5,161.8,68.3,268.8,2553.7,Dunning,NA,NO,NA,NA,Marine,3,2,Carnivore,Aquatic predator,Aquatic
Diomedeidae,Albatrosses,NA,NA,Light-mantled Albatross,Phoebetria palpebrata,Pelagic,NT,0,NA,TRUE,TRUE,2,2,2,2,2,2,0,0,2,2,2,2,0,1,0,Southern Ocean Flyway,Decreasing,Diomedeidae,Procellariiformes,AVIBASE-1819ECCE,-78.93,-32.81,-56.4,-5.304364997,74642407.91,Extant,4,2,2,0,4,105.6,69.8,18.2,28.2,76.8,523.8,361.2,162.5,69,281.2,3150,Dunning,NA,NO,NA,NA,Marine,3,2,Carnivore,Aquatic predator,Aquatic
Diomedeidae,Albatrosses,NA,NA,Waved Albatross,Phoebastria irrorata,Pelagic,CR,1,n,TRUE,TRUE,0,0,0,2,1,1,1,1,1,1,1,2,1,1,0,Central and Eastern Pacific Flyway,Decreasing,Diomedeidae,Procellariiformes,AVIBASE-1BC289CB,-17.84,1.04,-7.51,-83.25135158,1736846.61,Extant,2,0,2,0,1,151.1,107.2,24,36.6,101.2,534.5,336,194,63.4,138.5,3376.4,Dunning,NA,NO,NA,NA,Marine,3,2,Omnivore,Aquatic predator,Generalist
Diomedeidae,Albatrosses,NA,NA,Black-footed Albatross,Phoebastria nigripes,Pelagic,NT,0,NA,TRUE,TRUE,1,1,1,1,1,1,2,0,0,2,1,1,0,1,0,Central and Eastern Pacific Flyway,Increasing,Diomedeidae,Procellariiformes,AVIBASE-EE8ECB1D,-84.95,85.01,14.59,-17.35678046,84626560.97,Extant,5,3,2,0,4,101.2,67.8,23.8,30.8,87.4,476,313.2,171.2,64.7,136,3188.4,Dunning,NA,NO,NA,NA,Marine,3,2,Carnivore,Aquatic predator,Aquatic
Diomedeidae,Albatrosses,NA,NA,Laysan Albatross,Phoebastria immutabilis,Pelagic,NT,0,NA,TRUE,TRUE,1,1,1,1,1,1,2,0,0,0,2,1,0,1,0,Central and Eastern Pacific Flyway,Stable,Diomedeidae,Procellariiformes,AVIBASE-98FB6D4B,12.81,65.2,35.54,-24.84753905,45350856.11,Extant,5,2,3,0,2,108,74.6,20.7,28.2,82.6,474.4,313,159.5,66.2,147.2,3145.9,Dunning,NA,NO,NA,NA,Marine,3,2,Carnivore,Aquatic predator,Aquatic
Diomedeidae,Albatrosses,NA,NA,Short-tailed Albatross,Phoebastria albatrus,Pelagic,VU,0,NA,TRUE,TRUE,1,1,1,1,1,2,0,0,0,0,0,2,0,1,0,Central and Eastern Pacific Flyway,Increasing,Diomedeidae,Procellariiformes,AVIBASE-B5565AD8,11.5,65.53,34.87,-19.60594093,48012515.04,Extant,5,1,1,3,4,135,91.3,25,38.5,92.3,549.2,364.8,186,66.3,147,4411,Dunning,NA,NO,NA,NA,Marine,3,2,Carnivore,Aquatic predator,Aquatic
Diomedeidae,Albatrosses,NA,NA,Atlantic Yellow-nosed Albatross,Thalassarche chlororhynchos,Pelagic,EN,0,NA,TRUE,TRUE,1,1,1,2,0,0,0,2,1,1,1,1,0,1,0,Atlantic Flyway,Decreasing,Diomedeidae,Procellariiformes,AVIBASE-7709CE5C,-51.51,-3.66,-34.74,-13.84759587,21606227.43,Extant,6,1,3,2,6,115.6,85.6,19.5,31.1,72.2,467.8,263.5,204.3,56.5,185,2128.8,Dunning,NA,NO,NA,NA,NA,3,3,Carnivore,Aquatic predator,Aquatic
Diomedeidae,Albatrosses,NA,NA,Indian Yellow-nosed Albatross,Thalassarche carteri,Pelagic,EN,0,NA,TRUE,TRUE,1,1,1,2,0,0,0,2,1,1,1,1,0,1,0,Southern Ocean Flyway,Decreasing,NA,NA,NA,-54.23,-20.59,-38.51,90.68701835,35282964.89,Extant,2,0,0,2,2,120.7,89,20.2,32.5,74.7,473.5,163.1,310.4,34.5,183,2128.84,Dunning,NA,NO,NA,NA,NA,3,3,Carnivore,Aquatic predator,Aquatic
Diomedeidae,Albatrosses,NA,NA,Grey-headed Albatross,Thalassarche chrysostoma,Pelagic,EN,0,NA,TRUE,TRUE,1,1,1,1,2,0,0,0,2,1,1,1,1,1,0,Southern Ocean Flyway,Decreasing,Diomedeidae,Procellariiformes,AVIBASE-0E4475F6,-73.43,-29.54,-50.96,-11.47389207,83986959.45,Extant,5,2,3,0,4,116,81.2,21,34.2,81.4,518,341,185.5,64.9,189.2,3499,Dunning,NA,NO,NA,NA,Marine,3,2,Carnivore,Aquatic predator,Aquatic
Diomedeidae,Albatrosses,NA,NA,Black-browed Albatross,Thalassarche melanophris,Pelagic,LC,1,n,TRUE,TRUE,1,1,1,2,0,0,0,0,2,1,1,1,0,1,0,"Atlantic Flyway,Central and Eastern Pacific Flyway,Southern Ocean Flyway",Increasing,Diomedeidae,Procellariiformes,AVIBASE-F9FCB9FF,NA,NA,NA,NA,NA,NA,9,3,5,1,8,115,81.5,20.9,34.9,78.2,506.9,326.5,181,64.3,195.3,3202.9,Dunning,NA,NO,NA,NA,Marine,3,2,Carnivore,Aquatic predator,Aquatic
Diomedeidae,Albatrosses,NA,NA,Campbell Albatross,Thalassarche impavida,Pelagic,VU,0,NA,TRUE,TRUE,1,1,1,2,0,0,0,2,1,1,1,1,0,0,0,"Central and Eastern Pacific Flyway,Southern Ocean Flyway",Increasing,NA,NA,NA,-68.99,-22.19,-46.31,44.05618752,32047303.68,Extant,4,1,2,1,4,109.7,78.4,19.3,34.6,75.6,499,321.8,177.2,64.5,198,3202.94,Dunning,NA,NO,NA,NA,NA,3,3,Carnivore,Aquatic predator,Aquatic
Diomedeidae,Albatrosses,NA,NA,Buller's Albatross,Thalassarche bulleri,Pelagic,NT,0,NA,TRUE,TRUE,1,1,1,1,1,1,2,2,2,2,2,2,0,1,0,Central and Eastern Pacific Flyway,Stable,Diomedeidae,Procellariiformes,AVIBASE-F79F09E1,-65.72,-3.39,-44.22,-28.93986682,29134435.63,Extant,5,0,4,1,2,121.9,87.7,21.1,32.8,77.5,501.2,327.5,165,66.4,207.6,2781.5,Dunning,NA,NO,NA,NA,Marine,3,2,Carnivore,Aquatic predator,Aquatic
Diomedeidae,Albatrosses,NA,NA,Shy Albatross,Thalassarche cauta,Pelagic,NT,0,NA,TRUE,TRUE,1,1,1,2,0,0,0,0,2,1,1,1,0,1,0,Southern Ocean Flyway,Stable,Diomedeidae,Procellariiformes,AVIBASE-87797B47,-50.35,-20.7,-36.56,88.58810119,23868551.63,Extant,6,2,3,1,5,129,93.8,24.6,40.8,85,568.5,312.9,256.1,55.2,214,3897.7,Dunning,NA,NO,NA,NA,NA,3,3,Carnivore,Aquatic predator,Aquatic
Diomedeidae,Albatrosses,NA,NA,White-capped Albatross,Thalassarche steadi,Pelagic,NT,0,NA,TRUE,TRUE,2,2,2,2,2,2,2,2,0,2,2,2,0,0,0,"Atlantic Flyway,Southern Ocean Flyway",Decreasing,NA,NA,NA,-67.6,-11.06,-43.75,71.36284581,54804690.58,Extant,1,1,0,0,1,124,92.6,25.2,41.5,90,580,99.5,480.5,17.2,218,3897.7,Dunning,NA,NO,NA,NA,NA,3,3,Carnivore,Aquatic predator,Aquatic
Diomedeidae,Albatrosses,NA,NA,Chatham Albatross,Thalassarche eremita,Pelagic,VU,0,NA,TRUE,TRUE,1,1,1,2,0,0,0,2,1,1,1,1,0,1,0,Central and Eastern Pacific Flyway,Stable,Diomedeidae,Procellariiformes,AVIBASE-253271CB,-55.28,-4.67,-32.77,-85.68562827,51416850.23,Extant,2,0,1,1,2,127.2,91.4,23.5,39.5,93.6,542,259.5,282.5,47.9,204.5,3897.7,Dunning,NA,NO,NA,NA,NA,3,3,Carnivore,Aquatic predator,Generalist
Diomedeidae,Albatrosses,NA,NA,Salvin's Albatross,Thalassarche salvini,Pelagic,VU,0,NA,TRUE,TRUE,1,1,1,2,0,0,0,2,1,1,1,1,0,1,0,"Central and Eastern Pacific Flyway,Southern Ocean Flyway",Unknown,Diomedeidae,Procellariiformes,AVIBASE-25428EB1,-68,-0.21,-43.18,-5.06709011,66986728.98,Extant,3,1,2,0,3,127.3,96.9,25.4,39.4,79.2,558,346.7,211.3,62.1,208,3897.7,Dunning,NA,NO,NA,NA,NA,3,3,Carnivore,Aquatic predator,Aquatic
Procellariidae,"Petrels, Shearwaters",NA,NA,Northern Giant Petrel,Macronectes halli,Pelagic,LC,1,n,TRUE,TRUE,1,2,0,0,0,0,0,2,1,1,1,1,0,1,0,Southern Ocean Flyway,Increasing,Procellariidae,Procellariiformes,AVIBASE-F504C8DE,-76.29,-20.65,-48.41,8.523989176,91967384.38,Extant,5,1,2,2,4,101.7,47.6,21.4,31,88.9,498,216.5,278.8,43.7,165.8,4206.3,Dunning,NA,NO,NA,NA,Marine,3,2,Omnivore,Omnivore,Generalist
Procellariidae,"Petrels, Shearwaters",NA,NA,Southern Giant Petrel,Macronectes giganteus,Pelagic,LC,1,n,TRUE,TRUE,1,1,1,2,0,0,0,0,2,1,1,1,0,1,0,"Atlantic Flyway,Southern Ocean Flyway",Increasing,Procellariidae,Procellariiformes,AVIBASE-C1706A8B,-77.82,-19.96,-52.2,2.445593323,100191503.8,Extant,5,2,2,1,4,91.6,42.4,19.4,27.2,85.4,493.6,217.5,267,44.8,178.2,3591.7,Dunning,NA,NO,NA,NA,Marine,3,2,Omnivore,Omnivore,Generalist
Procellariidae,"Petrels, Shearwaters",NA,NA,Northern Fulmar,Fulmarus glacialis,Pelagic,LC,1,n,TRUE,TRUE,0,0,0,0,2,1,1,1,1,2,0,0,1,1,0,"Atlantic Flyway,Central and Eastern Pacific Flyway",Increasing,Procellariidae,Procellariiformes,AVIBASE-049D9AEA,36.34,84.96,64.81,-12.3532484,29451058.1,Extant,8,4,4,0,4,41.3,23.6,11.9,14.4,48.8,321.1,162.5,155,51.1,134.9,611.9,Dunning,NA,NO,NA,NA,Marine,3,3,Carnivore,Aquatic predator,Aquatic
Procellariidae,"Petrels, Shearwaters",NA,NA,Southern Fulmar,Fulmarus glacialoides,Pelagic,LC,1,n,TRUE,TRUE,1,1,2,0,0,0,0,0,0,0,2,1,0,1,0,Southern Ocean Flyway,Stable,Procellariidae,Procellariiformes,AVIBASE-10C2881A,-78.14,-24.19,-52.75,2.061765952,97370037.04,Extant,5,2,3,0,4,45.7,27.4,10.2,11.9,47.9,315,154.2,156.2,49.5,113.6,793.4,Dunning,NA,NO,NA,NA,Marine,3,3,Carnivore,Aquatic predator,Aquatic
Procellariidae,"Petrels, Shearwaters",NA,NA,Antarctic Petrel,Thalassoica antarctica,Pelagic,LC,0,NA,TRUE,TRUE,1,1,2,0,0,0,0,0,0,0,2,1,1,1,0,Southern Ocean Flyway,Stable,Procellariidae,Procellariiformes,AVIBASE-53518617,-82.95,-37.59,-59.21,1.613453701,58576534.09,Extant,5,2,3,0,4,44.8,26.1,8.3,10.8,43.5,296.2,170,128.2,56.7,111.2,708.4,Dunning,NA,NO,NA,NA,Marine,3,2,Carnivore,Aquatic predator,Generalist
Procellariidae,"Petrels, Shearwaters",NA,NA,Cape Petrel,Daption capense,Pelagic,LC,0,NA,TRUE,TRUE,1,1,2,0,0,0,0,0,0,0,2,1,0,1,0,"Atlantic Flyway,Central and Eastern Pacific Flyway,Southern Ocean Flyway",Stable,Procellariidae,Procellariiformes,AVIBASE-AAC2D613,-85.58,-8.36,-48.84,-12.46790146,136304432.2,Extant,6,2,3,1,4,36.6,21.6,10.8,9.3,42.6,249.8,145.5,99.8,59.4,94,429.6,Dunning,NA,NO,NA,NA,Marine,3,2,Carnivore,Aquatic predator,Generalist
Procellariidae,"Petrels, Shearwaters",NA,NA,Snow Petrel,Pagodroma nivea,Pelagic,LC,0,NA,TRUE,TRUE,2,2,2,2,2,2,2,2,2,2,2,2,0,1,1,Southern Ocean Flyway,Stable,Procellariidae,Procellariiformes,AVIBASE-BB999943,-79.24,-39.5,-62.26,-25.44005773,35992533.98,Extant,5,2,3,0,4,23.6,14.9,4.9,7,32,247.6,151.8,89.8,62.8,105.4,268,Dunning,NA,NO,NA,NA,Marine,3,2,Carnivore,Aquatic predator,Aerial
Procellariidae,"Petrels, Shearwaters",NA,NA,Blue Petrel,Halobaena caerulea,Pelagic,LC,0,NA,TRUE,TRUE,1,2,0,0,0,0,0,2,1,1,1,1,0,1,0,Southern Ocean Flyway,Decreasing,Procellariidae,Procellariiformes,AVIBASE-68D6A13A,-67.7,-31.39,-51.02,6.013118674,75697728.93,Extant,4,2,0,2,3,29.9,22.1,7,7,31.6,206.2,128,78.2,62,77,202,Dunning,NA,NO,NA,NA,Marine,3,2,Carnivore,Aquatic predator,Generalist
Procellariidae,"Petrels, Shearwaters",NA,NA,Broad-billed Prion,Pachyptila vittata,Pelagic,LC,0,NA,TRUE,TRUE,2,0,0,0,0,0,2,1,1,1,1,1,0,1,0,,NA,Procellariidae,Procellariiformes,AVIBASE-93860B9B,-60.72,-6.91,-39.38,64.09812292,50803001.59,Extant,4,1,3,0,4,38,29.4,20,14.4,33.4,195.2,107.5,87.8,55.1,94.5,196,Dunning,NA,NO,NA,NA,Marine,3,2,Carnivore,Aquatic predator,Generalist
Procellariidae,"Petrels, Shearwaters",NA,NA,Salvin's Prion,Pachyptila salvini,Pelagic,LC,0,NA,TRUE,TRUE,1,1,2,0,0,0,0,0,2,1,1,1,0,0,0,Southern Ocean Flyway,Stable,Procellariidae,Procellariiformes,AVIBASE-B3C87FEE,-61.39,-26.02,-44.92,92.82282857,32765003.85,Extant,4,2,2,0,4,36.4,27.4,14.4,10.9,32.5,192.8,114.5,78.2,59.4,86.8,159,Dunning,NA,NO,NA,NA,Marine,3,2,Carnivore,Aquatic predator,Aquatic
Procellariidae,"Petrels, Shearwaters",NA,NA,MacGillivray's Prion,Pachyptila macgillivrayi,Pelagic,CR,0,NA,TRUE,TRUE,1,1,2,0,0,0,0,2,2,1,1,1,0,0,0,"Atlantic Flyway,Southern Ocean Flyway",Decreasing,NA,NA,NA,NA,NA,NA,NA,NA,NA,NA,NA,NA,NA,NA,NA,NA,NA,NA,NA,NA,NA,NA,NA,NA,NA,NA,NA,NA,NA,NA,NA,NA,NA,NA,NA,NA
Procellariidae,"Petrels, Shearwaters",NA,NA,Antarctic Prion,Pachyptila desolata,Pelagic,LC,1,n,TRUE,TRUE,1,1,2,0,0,0,0,0,0,2,1,1,0,0,0,"Atlantic Flyway,Central and Eastern Pacific Flyway,Southern Ocean Flyway",Decreasing,Procellariidae,Procellariiformes,AVIBASE-105C306C,-71.17,-16.28,-49.02,18.1670349,84155481.3,Extant,5,2,2,1,4,29.7,21.8,10.1,8.9,31.2,182.4,103.5,77.8,57.1,86.8,147,Dunning,NA,NO,NA,NA,Marine,3,2,Carnivore,Aquatic predator,Aquatic
Procellariidae,"Petrels, Shearwaters",NA,NA,Slender-billed Prion,Pachyptila belcheri,Pelagic,LC,0,NA,TRUE,TRUE,1,1,2,0,0,0,0,0,0,2,1,1,0,1,0,"Atlantic Flyway,Southern Ocean Flyway",Stable,Procellariidae,Procellariiformes,AVIBASE-0D885A80,-62.57,-7.89,-45.16,15.50653529,56286348.41,Extant,5,2,3,0,4,28.5,21,7.6,6.9,30.2,175.8,101,74,57.7,80.4,145,Dunning,NA,NO,NA,NA,Marine,3,1,Carnivore,Aquatic predator,Aquatic
Procellariidae,"Petrels, Shearwaters",NA,NA,Fairy Prion,Pachyptila turtur,Pelagic,LC,0,NA,TRUE,TRUE,0,0,0,0,0,0,2,2,2,1,1,2,0,1,0,Southern Ocean Flyway,Stable,Procellariidae,Procellariiformes,AVIBASE-ED1DDABB,-59.2,-23.44,-43.56,80.6070479,21293225.72,Extant,4,2,2,0,4,25.6,18.1,7.6,7.4,30,173.8,95.8,78,55.1,81.2,137,Dunning,NA,NO,NA,NA,Marine,3,2,Carnivore,Aquatic predator,Generalist
Procellariidae,"Petrels, Shearwaters",NA,NA,Fulmar Prion,Pachyptila crassirostris,Pelagic,LC,0,NA,TRUE,TRUE,1,2,2,0,0,0,2,2,2,1,1,1,0,0,0,,NA,Procellariidae,Procellariiformes,AVIBASE-FF7A685E,-62.62,-32.41,-48.05,98.09764857,6979667.17,Extant,5,3,1,1,5,24.2,17.6,8.4,8.4,31.1,182,96.4,85.6,53,87.4,138.3,Dunning,NA,NO,NA,NA,Marine,3,2,Carnivore,Aquatic predator,Aquatic
Procellariidae,"Petrels, Shearwaters",NA,NA,Kerguelen Petrel,Aphrodroma brevirostris,Pelagic,LC,0,NA,TRUE,TRUE,1,1,0,2,2,2,2,1,1,1,1,1,0,0,0,Southern Ocean Flyway,Decreasing,Procellariidae,Procellariiformes,AVIBASE-62797BD3,NA,NA,NA,NA,NA,NA,4,2,2,0,4,28.4,21.7,6.1,9.6,36.5,240.2,147.8,92.5,61.5,98,357,Dunning,NA,NO,NA,NA,Marine,3,2,Carnivore,Aquatic predator,Generalist
Procellariidae,"Petrels, Shearwaters",NA,NA,Large Saint Helena Petrel,Pterodroma rupinarum,Pelagic,EX,0,NA,FALSE,FALSE,2,2,2,2,2,2,2,2,2,2,2,2,0,0,1,,NA,NA,NA,NA,NA,NA,NA,NA,NA,NA,NA,NA,NA,NA,NA,NA,NA,NA,NA,NA,NA,NA,NA,NA,NA,NA,NA,NA,NA,NA,NA,NA,NA,NA,NA,NA,NA
Procellariidae,"Petrels, Shearwaters",NA,NA,White-winged Petrel,Pterodroma leucoptera,Pelagic,VU,0,NA,TRUE,TRUE,1,1,1,2,0,0,0,0,0,0,2,1,0,1,0,"Central and Eastern Pacific Flyway,Southern Ocean Flyway,Western Pacific Flyway",Decreasing,Procellariidae,Procellariiformes,AVIBASE-A27F9AF6,-70.58,42.61,-22.4,-33.60814585,122022870.1,Extant,1,0,0,1,1,25.2,17.8,5.9,7.7,28.9,212,141,71,66.5,90,147.1,Dunning,NA,NO,NA,NA,Marine,3,2,Carnivore,Aquatic predator,Generalist
Procellariidae,"Petrels, Shearwaters",NA,NA,Collared Petrel,Pterodroma brevipes,Pelagic,VU,0,NA,TRUE,TRUE,0,2,1,1,1,1,2,2,2,0,0,0,0,0,0,,NA,Procellariidae,Procellariiformes,AVIBASE-6983FAD1,-29.63,7.32,-9.68,-74.53560075,34420908.06,Extant,5,3,2,0,4,24.8,18.4,5.7,6.8,27.6,212.2,136,74.5,64.6,95.4,147.1,Dunning,NA,NO,NA,NA,Marine,3,2,Carnivore,Aquatic predator,Generalist
Procellariidae,"Petrels, Shearwaters",NA,NA,Masatierra Petrel,Pterodroma defilippiana,Pelagic,VU,0,NA,TRUE,TRUE,1,1,2,0,0,0,2,1,1,1,1,1,0,0,0,Central and Eastern Pacific Flyway,Stable,Procellariidae,Procellariiformes,AVIBASE-41E264AA,-35.43,-18.68,-25.48,-85.39963927,1766659.35,Extant,5,1,3,1,3,27.5,21.4,6.8,8.5,27.9,226,141.8,84,62.8,95.4,169,Dunning,NA,NO,NA,NA,Marine,3,2,Carnivore,Aquatic predator,Generalist
Procellariidae,"Petrels, Shearwaters",NA,NA,Stejneger's Petrel,Pterodroma longirostris,Pelagic,VU,0,NA,TRUE,TRUE,1,1,2,0,0,0,0,0,0,0,2,1,1,1,0,Central and Eastern Pacific Flyway,Decreasing,Procellariidae,Procellariiformes,AVIBASE-0F0F66EF,-39.5,43.56,10.33,-58.19746332,47471621.1,Extant,4,2,2,0,4,23.4,17,4.8,6.9,27.2,212.2,129.8,82.5,61.1,105.8,143,Dunning,NA,NO,NA,NA,Marine,3,2,Carnivore,Aquatic predator,Generalist
Procellariidae,"Petrels, Shearwaters",NA,NA,Cook's Petrel,Pterodroma cookii,Pelagic,VU,0,NA,TRUE,TRUE,1,1,1,2,0,0,0,2,1,1,1,1,0,1,0,Central and Eastern Pacific Flyway,Increasing,Procellariidae,Procellariiformes,AVIBASE-5C61DD1B,-63.67,52.28,-11.01,-78.9698694,120250835.9,Extant,5,4,1,0,4,25.5,17.6,5.6,6.7,25.8,213.2,135.5,76,64.1,93.8,177.9,Dunning,NA,NO,NA,NA,Marine,3,2,Carnivore,Aquatic predator,Aerial
Procellariidae,"Petrels, Shearwaters",NA,NA,Pycroft's Petrel,Pterodroma pycrofti,Pelagic,VU,0,NA,TRUE,TRUE,1,1,2,2,0,0,0,0,0,2,1,1,0,1,0,Central and Eastern Pacific Flyway,Increasing,Procellariidae,Procellariiformes,AVIBASE-3786AD4E,-56.93,50.85,-2.99,-86.17096784,75938832.03,Extant,4,1,1,2,4,22.5,17.9,5.3,6.4,26.9,214,135.5,78.5,63.3,90,159,Dunning,NA,NO,NA,NA,Marine,3,2,Carnivore,Aquatic predator,Generalist
Procellariidae,"Petrels, Shearwaters",NA,NA,Bonin Petrel,Pterodroma hypoleuca,Pelagic,LC,0,NA,TRUE,TRUE,1,1,1,1,1,2,0,2,1,1,1,1,0,0,0,"Central and Eastern Pacific Flyway,Western Pacific Flyway",Decreasing,Procellariidae,Procellariiformes,AVIBASE-C69447E2,11.71,56.22,26.91,69.23755771,18787814.69,Extant,4,1,1,2,3,24.6,19,6.6,7.8,27.4,228,143.5,84.5,63,104.5,176,Dunning,NA,NO,NA,NA,Marine,3,2,Carnivore,Aquatic predator,Generalist
Procellariidae,"Petrels, Shearwaters",NA,NA,Black-winged Petrel,Pterodroma nigripennis,Pelagic,LC,0,NA,TRUE,TRUE,1,1,1,2,2,0,0,0,0,2,2,1,0,1,0,Central and Eastern Pacific Flyway,Decreasing,Procellariidae,Procellariiformes,AVIBASE-AE186136,-61.48,60.89,-5.73,-71.69412659,118358777.2,Extant,5,2,1,2,4,23.4,18,6.5,7.5,28.4,221.6,140.5,80.2,63.6,93.8,173.7,Dunning,NA,NO,NA,NA,Marine,3,2,Carnivore,Aquatic predator,Generalist
Procellariidae,"Petrels, Shearwaters",NA,NA,Chatham Islands Petrel,Pterodroma axillaris,Pelagic,VU,0,NA,TRUE,TRUE,1,1,2,0,0,0,0,0,0,0,2,1,0,1,0,Central and Eastern Pacific Flyway,Increasing,Procellariidae,Procellariiformes,AVIBASE-C398A0EA,-62.21,2.76,-38.2,-111.4675702,30397124.07,Extant,5,2,3,0,4,27.4,18,6.1,8.1,30.3,212,136,76.5,64,87.2,165,Dunning,NA,NO,NA,NA,Marine,3,2,Carnivore,Aquatic predator,Generalist
Procellariidae,"Petrels, Shearwaters",NA,NA,Murphy's Petrel,Pterodroma ultima,Pelagic,LC,0,NA,TRUE,TRUE,1,1,1,2,0,0,2,1,1,1,1,1,0,1,0,Central and Eastern Pacific Flyway,Unknown,Procellariidae,Procellariiformes,AVIBASE-32AC75A8,-47.88,55.1,-2.48,-129.1714356,66311108.88,Extant,1,1,0,0,1,27,19.8,7.5,9.8,33.5,260,175,85,67.3,112,360,Dunning,NA,NO,NA,NA,Marine,3,2,Carnivore,Aquatic predator,Generalist
Procellariidae,"Petrels, Shearwaters",NA,NA,Providence Petrel,Pterodroma solandri,Pelagic,LC,0,NA,TRUE,TRUE,0,2,2,2,1,1,1,1,1,1,2,0,0,1,0,"Central and Eastern Pacific Flyway,Western Pacific Flyway",Stable,Procellariidae,Procellariiformes,AVIBASE-F654D59E,-50.12,58.93,13.28,57.95876362,59746330.79,Extant,5,3,2,0,4,33.9,25.9,9.8,12.1,39.1,299,193.2,103.8,65.1,124.8,468.6,Dunning,NA,NO,NA,NA,Marine,3,2,Carnivore,Aquatic predator,Aerial
Procellariidae,"Petrels, Shearwaters",NA,NA,Kermadec Petrel,Pterodroma neglecta,Pelagic,LC,0,NA,TRUE,TRUE,1,1,1,1,1,2,0,0,0,0,2,1,0,1,0,Central and Eastern Pacific Flyway,Decreasing,Procellariidae,Procellariiformes,AVIBASE-889232C7,-37.19,30.57,-3.37,-50.30537498,87299047.74,Extant,4,2,1,1,4,30.6,23,9.3,9.8,36.6,288,184.5,103.5,64,98.5,501,Dunning,NA,NO,NA,NA,Marine,3,2,Carnivore,Aquatic predator,Generalist
Procellariidae,"Petrels, Shearwaters",NA,NA,Trindade Petrel,Pterodroma arminjoniana,Pelagic,VU,0,NA,TRUE,TRUE,2,2,2,2,2,2,2,2,2,2,2,2,0,1,0,"Atlantic Flyway,East Indian Ocean Flyway,North Indian Ocean Flyway",Stable,Procellariidae,Procellariiformes,AVIBASE-8116523B,-53.41,37.32,-9.2,21.20201153,47409362.68,Extant,5,2,3,0,4,29.2,21.6,8.7,9.6,33.6,283.8,191.5,92.8,67.4,113.4,394,Dunning,NA,NO,NA,NA,Marine,3,2,Carnivore,Aquatic predator,Aerial
Procellariidae,"Petrels, Shearwaters",NA,NA,Herald Petrel,Pterodroma heraldica,Pelagic,LC,0,NA,TRUE,TRUE,2,2,2,2,2,2,2,2,2,2,2,2,0,1,1,Central and Eastern Pacific Flyway,Decreasing,Procellariidae,Procellariiformes,AVIBASE-6C348817,-34.83,27.95,-12.02,-54.16393713,50656688.94,Extant,1,0,0,1,1,27,21.8,8.2,9,34.1,281,182,99,64.8,110,394,Dunning,NA,NO,NA,NA,Marine,3,2,Carnivore,Aquatic predator,Aerial
Procellariidae,"Petrels, Shearwaters",NA,NA,Henderson Petrel,Pterodroma atrata,Pelagic,EN,0,NA,TRUE,TRUE,2,2,2,2,2,2,2,2,2,2,2,2,0,1,1,Central and Eastern Pacific Flyway,Decreasing,Procellariidae,Procellariiformes,AVIBASE-A98DB170,-31.3,-6.09,-20.56,-135.7935288,9327817.45,Extant,1,1,0,0,1,30.9,21.6,7.3,8.7,37.2,295,128,167,43.4,100,394,Dunning,NA,NO,NA,NA,Marine,3,2,Carnivore,Aquatic predator,Generalist
Procellariidae,"Petrels, Shearwaters",NA,NA,Phoenix Petrel,Pterodroma alba,Pelagic,VU,0,NA,TRUE,TRUE,2,2,2,2,2,2,2,2,2,2,2,2,0,0,1,Central and Eastern Pacific Flyway,Decreasing,Procellariidae,Procellariiformes,AVIBASE-4B5CC270,-30.34,20.97,-11.3,-136.5631305,22290948.3,Extant,4,2,2,0,4,26.3,21.7,7.9,9.2,31.2,266.2,176,90.2,66,101.2,259,Dunning,NA,NO,NA,NA,Marine,3,2,Carnivore,Aquatic predator,Generalist
Procellariidae,"Petrels, Shearwaters",NA,NA,Barau's Petrel,Pterodroma baraui,Pelagic,EN,0,NA,TRUE,TRUE,1,1,1,2,0,0,0,0,2,2,2,1,0,1,0,East Indian Ocean Flyway,Decreasing,Procellariidae,Procellariiformes,AVIBASE-D956176F,-44.37,4.93,-23.62,74.86367818,26305029.88,Extant,1,0,0,1,1,32.1,24.8,9,9.6,35,269,156,113,58,113,400,Dunning,NA,NO,NA,NA,Marine,3,2,Carnivore,Aquatic predator,Aerial
Procellariidae,"Petrels, Shearwaters",NA,NA,Mottled Petrel,Pterodroma inexpectata,Pelagic,NT,0,NA,TRUE,TRUE,1,1,1,1,2,0,0,0,0,2,1,1,0,1,0,Central and Eastern Pacific Flyway,Decreasing,Procellariidae,Procellariiformes,AVIBASE-B829AC03,-79.46,60.61,-18.74,-37.20411801,119601845,Extant,4,2,2,0,4,25.5,19.4,7,9.1,31.9,249.8,166.2,83.5,66.5,91.5,316,Dunning,NA,NO,NA,NA,Marine,3,2,Carnivore,Aquatic predator,Aerial
Procellariidae,"Petrels, Shearwaters",NA,NA,Hawaiian Petrel,Pterodroma sandwichensis,Pelagic,EN,0,NA,TRUE,TRUE,0,2,1,1,1,1,1,1,1,2,0,0,0,0,0,Central and Eastern Pacific Flyway,Decreasing,Procellariidae,Procellariiformes,AVIBASE-E4AFFBF2,0.62,51.88,26.94,-148.1182975,19212039.47,Extant,9,5,4,0,9,36.5,24.4,8.5,10.6,38.3,271.3,133.3,138,49.2,129.5,400.8,Dunning,NA,NO,NA,NA,Marine,3,2,Carnivore,Aquatic predator,Generalist
Procellariidae,"Petrels, Shearwaters",NA,NA,Galapagos Petrel,Pterodroma phaeopygia,Pelagic,CR,0,NA,TRUE,TRUE,2,2,2,2,2,2,2,2,2,2,2,2,0,1,1,Central and Eastern Pacific Flyway,Decreasing,Procellariidae,Procellariiformes,AVIBASE-0DF68A87,-19.14,17.33,-2.08,-99.33586127,15494657.47,Extant,3,2,0,1,3,41,25.1,8.9,10.1,39,294.7,201.3,93.3,68.3,132.7,400.8,Dunning,NA,NO,NA,NA,Marine,3,2,Carnivore,Aquatic predator,Generalist
Procellariidae,"Petrels, Shearwaters",NA,NA,White-necked Petrel,Pterodroma cervicalis,Pelagic,VU,0,NA,TRUE,TRUE,1,1,1,1,2,2,0,0,0,2,2,1,0,1,0,"Central and Eastern Pacific Flyway,Western Pacific Flyway",Increasing,Procellariidae,Procellariiformes,AVIBASE-754775F5,-33.08,46.2,7.94,-31.29130214,67284625.41,Extant,4,0,0,4,4,35.2,27.3,10.2,11.7,35.4,297.5,196.8,100.8,66.2,125,445,Dunning,NA,NO,NA,NA,Marine,3,2,Carnivore,Aquatic predator,Generalist
Procellariidae,"Petrels, Shearwaters",NA,NA,Juan Fernandez Petrel,Pterodroma externa,Pelagic,VU,0,NA,TRUE,TRUE,1,1,1,1,2,2,0,0,0,2,2,1,0,1,0,Central and Eastern Pacific Flyway,Stable,Procellariidae,Procellariiformes,AVIBASE-DC2BA23B,-48.61,35.99,-2.61,-118.4085236,44060886.11,Extant,3,1,2,0,1,37.8,27.4,9.9,11.7,36.1,291.3,203,86,70.2,144.3,428,Dunning,NA,NO,NA,NA,Marine,3,2,Carnivore,Aquatic predator,Generalist
Procellariidae,"Petrels, Shearwaters",NA,NA,Soft-plumaged Petrel,Pterodroma mollis,Pelagic,LC,0,NA,TRUE,TRUE,1,1,1,2,2,0,0,2,2,2,1,1,0,1,0,"Central and Eastern Pacific Flyway,Southern Ocean Flyway",Stable,Procellariidae,Procellariiformes,AVIBASE-12286A1E,-59.46,-22.08,-43.32,52.74772856,52198187.39,Extant,4,2,2,0,4,27.1,19.4,7,9.1,32.3,243.2,158.2,85,65.1,95,312,Dunning,NA,NO,NA,NA,Marine,3,2,Carnivore,Aquatic predator,Generalist
Procellariidae,"Petrels, Shearwaters",NA,NA,Bermuda Petrel,Pterodroma cahow,Pelagic,EN,0,NA,TRUE,TRUE,1,1,1,1,1,2,0,0,0,2,1,1,0,1,0,Atlantic Flyway,Increasing,Procellariidae,Procellariiformes,AVIBASE-F6533C4B,20.05,57.55,39.01,-43.23506789,15874369.54,Extant,1,0,1,0,1,37.1,21.5,7.9,9.1,34.5,245,157,88,64.1,117,246,Dunning,NA,NO,NA,NA,Marine,3,2,Carnivore,Aquatic predator,Generalist
Procellariidae,"Petrels, Shearwaters",NA,NA,Black-capped Petrel,Pterodroma hasitata,Pelagic,EN,0,NA,TRUE,TRUE,1,1,1,1,1,1,1,2,0,0,2,1,1,1,0,Atlantic Flyway,Decreasing,Procellariidae,Procellariiformes,AVIBASE-A01D9D21,5.78,37.47,21.1,-65.44970675,7451677.2,Extant,6,1,2,3,4,33,22.3,8.2,11.6,35.6,277.2,121,155.5,43.7,123,278,Dunning,NA,NO,NA,NA,Marine,3,2,Carnivore,Aquatic predator,Generalist
Procellariidae,"Petrels, Shearwaters",NA,NA,Jamaican Petrel,Pterodroma caribbaea,Pelagic,CR (PE),0,NA,FALSE,FALSE,1,1,1,1,2,2,0,0,2,1,1,1,0,0,0,Atlantic Flyway,Unknown,NA,NA,NA,NA,NA,NA,NA,NA,Extant,4,1,2,1,3,33,22.1,8.1,11.4,34.7,274.2,110.6,163.1,40.5,130,278,Dunning,NA,NO,NA,NA,Marine,3,2,Carnivore,Aquatic predator,Generalist
Procellariidae,"Petrels, Shearwaters",NA,NA,Cape Verde Petrel,Pterodroma feae,Pelagic,NT,0,NA,TRUE,TRUE,2,2,2,2,2,0,2,2,2,2,2,2,0,1,0,,NA,Procellariidae,Procellariiformes,AVIBASE-26B5280F,-47.1,55.88,11.95,-35.94817215,43971141.08,Extant,8,2,3,3,6,30,19.7,7.8,10.2,32.7,254.4,153.5,102.3,59.9,109.5,311,Dunning,NA,NO,NA,NA,Marine,3,2,Carnivore,Aquatic predator,Generalist
Procellariidae,"Petrels, Shearwaters",NA,NA,Desertas Petrel,Pterodroma deserta,Pelagic,VU,0,NA,TRUE,TRUE,DD,NA,NA,NA,NA,NA,NA,NA,NA,NA,NA,NA,0,1,0,Atlantic Flyway,Stable,NA,NA,NA,NA,NA,NA,NA,NA,NA,NA,NA,NA,NA,NA,NA,NA,NA,NA,NA,NA,NA,NA,NA,NA,NA,NA,NA,NA,NA,NA,NA,NA,NA,NA,NA,NA
Procellariidae,"Petrels, Shearwaters",NA,NA,Zino's Petrel,Pterodroma madeira,Pelagic,EN,0,NA,TRUE,TRUE,0,0,0,2,1,1,1,1,1,2,0,0,0,1,0,Atlantic Flyway,Stable,Procellariidae,Procellariiformes,AVIBASE-A6EA486B,-28.43,59.41,17,-24.28856899,31437943.45,Extant,3,1,1,1,3,32.3,20.6,7.8,9.7,32.3,253,135.7,117.3,53.9,110,201.1,Dunning,NA,NO,NA,NA,Marine,3,2,Carnivore,Aquatic predator,Generalist
Procellariidae,"Petrels, Shearwaters",NA,NA,Magenta Petrel,Pterodroma magentae,Pelagic,CR,0,NA,TRUE,TRUE,1,1,1,2,2,0,0,0,2,2,1,1,0,1,0,Central and Eastern Pacific Flyway,Increasing,Procellariidae,Procellariiformes,AVIBASE-44C20FFF,-55.97,-41.88,-48.85,-168.8898332,1846626.61,Extant,1,0,1,0,1,31.2,23.6,8.7,13.9,41.2,306,108,198,35.3,129,465,Dunning,NA,NO,NA,NA,Marine,3,2,Carnivore,Aquatic predator,Generalist
Procellariidae,"Petrels, Shearwaters",NA,NA,Atlantic Petrel,Pterodroma incerta,Pelagic,EN,0,NA,TRUE,TRUE,2,0,2,1,1,1,1,1,1,1,1,1,0,1,0,Atlantic Flyway,Decreasing,Procellariidae,Procellariiformes,AVIBASE-23865D25,-58.59,-19.55,-40.38,-26.12672187,19854359.46,Extant,4,2,2,0,4,37,28.1,9.4,12.6,41.6,318,208.8,109.2,65.6,124.2,520,Dunning,NA,NO,NA,NA,Marine,3,2,Carnivore,Aquatic predator,Generalist
Procellariidae,"Petrels, Shearwaters",NA,NA,White-headed Petrel,Pterodroma lessonii,Pelagic,LC,0,NA,TRUE,TRUE,1,1,1,1,2,2,0,2,1,1,1,1,0,1,0,Southern Ocean Flyway,Decreasing,Procellariidae,Procellariiformes,AVIBASE-7C787E7D,-70.58,-27.04,-51.39,2.373501592,74962981.51,Extant,5,2,3,0,4,38.9,28.6,10.2,13.5,42.5,303.6,197.2,103.5,65.6,123.2,698,Dunning,NA,NO,NA,NA,Marine,3,2,Carnivore,Aquatic predator,Generalist
Procellariidae,"Petrels, Shearwaters",NA,NA,Great-winged Petrel,Pterodroma macroptera,Pelagic,LC,1,n,TRUE,TRUE,0,0,0,2,1,1,1,1,1,1,2,0,0,1,0,Southern Ocean Flyway,Decreasing,Procellariidae,Procellariiformes,AVIBASE-508E7E59,-63.14,-18.95,-44.28,44.11321304,60259241.79,Extant,5,2,3,0,4,36.7,26.6,9.8,12.4,40.9,303.4,201,102,66.3,112.6,531.8,Dunning,NA,NO,NA,NA,Marine,3,2,Carnivore,Aquatic predator,Generalist
Procellariidae,"Petrels, Shearwaters",NA,NA,Grey-faced Petrel,Pterodroma gouldi,Pelagic,LC,0,NA,TRUE,TRUE,0,0,0,2,1,1,1,1,1,1,1,2,0,0,0,Central and Eastern Pacific Flyway,Decreasing,Procellariidae,Procellariiformes,AVIBASE-DF92B7F9,NA,NA,NA,NA,NA,NA,6,2,2,2,6,39.7,28.5,9.8,13.1,46.5,313.2,168.5,144.7,53.8,133.8,531.8,DataFromSplit,NA,NO,NA,NA,Marine,3,2,Carnivore,Aquatic predator,Generalist
Procellariidae,"Petrels, Shearwaters",NA,NA,Grey Petrel,Procellaria cinerea,Pelagic,NT,0,NA,TRUE,TRUE,0,2,1,1,1,1,1,1,1,2,2,2,0,1,0,"Central and Eastern Pacific Flyway,Southern Ocean Flyway",Decreasing,Procellariidae,Procellariiformes,AVIBASE-843C1B86,-66.71,-6.98,-48.4,-5.73303422,83049745.39,Extant,5,2,3,0,4,49.7,33.1,9.7,13.4,56.7,325.8,195.5,128,60.5,99.8,1131,Dunning,NA,NO,NA,NA,Marine,3,2,Carnivore,Aquatic predator,Generalist
Procellariidae,"Petrels, Shearwaters",NA,NA,White-chinned Petrel,Procellaria aequinoctialis,Pelagic,VU,1,n,TRUE,TRUE,1,1,1,1,2,0,0,0,0,2,1,1,0,1,0,"Atlantic Flyway,Central and Eastern Pacific Flyway,Southern Ocean Flyway",Decreasing,Procellariidae,Procellariiformes,AVIBASE-35EB45A0,-67.23,-5.41,-45.51,-9.971628812,107346807.8,Extant,5,2,2,1,4,54.4,38,11.5,15.2,62.3,382.6,233.5,153.2,60.3,120.4,1213,Dunning,NA,NO,NA,NA,Marine,3,3,Carnivore,Aquatic predator,Aquatic
Procellariidae,"Petrels, Shearwaters",NA,NA,Spectacled Petrel,Procellaria conspicillata,Pelagic,VU,0,NA,TRUE,TRUE,1,1,2,0,0,0,0,0,0,2,1,1,0,1,0,Atlantic Flyway,Increasing,Procellariidae,Procellariiformes,AVIBASE-F2ED14C9,-43.47,-22.68,-33.44,-18.36882972,12020747.42,Extant,4,0,2,2,4,52.8,36.5,12.4,15.9,62.6,355,223.5,131.5,62.9,112.2,1213,Dunning,NA,NO,NA,NA,Marine,3,3,Carnivore,Aquatic predator,Aquatic
Procellariidae,"Petrels, Shearwaters",NA,NA,Westland Petrel,Procellaria westlandica,Pelagic,EN,0,NA,TRUE,TRUE,0,0,2,1,1,1,1,1,1,1,1,2,0,1,0,Central and Eastern Pacific Flyway,Unknown,Procellariidae,Procellariiformes,AVIBASE-9057992B,-56.81,-30.94,-45.48,-58.32938751,18867090.55,Extant,7,4,3,0,5,52,36.2,13.2,16.3,56.4,368.9,227,139.4,62,131,1199,Dunning,NA,NO,NA,NA,Marine,3,3,Carnivore,Aquatic predator,Aquatic
Procellariidae,"Petrels, Shearwaters",NA,NA,Black Petrel,Procellaria parkinsoni,Pelagic,VU,0,NA,TRUE,TRUE,1,1,1,1,2,2,2,0,0,0,2,1,0,1,0,Central and Eastern Pacific Flyway,Stable,Procellariidae,Procellariiformes,AVIBASE-DB67DB1F,-47.79,22.53,-13.43,-83.97750556,39453265.54,Extant,2,0,0,2,1,51,32.3,12.2,15,55.3,363,202,143,58.6,80,702.2,Dunning,NA,NO,NA,NA,Marine,3,3,Carnivore,Aquatic predator,Aquatic
Procellariidae,"Petrels, Shearwaters",NA,NA,Wedge-tailed Shearwater,Ardenna pacifica,Pelagic,LC,0,NA,TRUE,TRUE,2,2,1,1,1,1,1,1,1,1,1,2,0,0,0,"Central and Eastern Pacific Flyway,East Indian Ocean Flyway,North Indian Ocean Flyway,Western Pacific Flyway",Decreasing,Procellariidae,Procellariiformes,AVIBASE-E94A7272,NA,NA,NA,NA,NA,NA,5,2,2,1,4,40.9,30.7,7.9,10.1,46.9,296.8,184.5,116,61.4,130.4,388,Dunning,NA,NO,NA,NA,Marine,3,3,Carnivore,Aquatic predator,Generalist
Procellariidae,"Petrels, Shearwaters",NA,NA,Buller's Shearwater,Ardenna bulleri,Pelagic,VU,0,NA,TRUE,TRUE,1,1,1,1,2,0,0,0,2,1,1,1,0,0,0,"Central and Eastern Pacific Flyway,Western Pacific Flyway",Stable,Procellariidae,Procellariiformes,AVIBASE-83F9C058,NA,NA,NA,NA,NA,NA,4,1,3,0,4,41,32.5,7.6,10.2,48.6,276.2,163.2,113,59.1,109,407,Dunning,NA,NO,NA,NA,Marine,3,3,Carnivore,Aquatic predator,Aquatic
Procellariidae,"Petrels, Shearwaters",NA,NA,Short-tailed Shearwater,Ardenna tenuirostris,Pelagic,LC,1,n,TRUE,TRUE,1,1,1,2,0,0,0,0,2,1,1,1,0,0,0,"Central and Eastern Pacific Flyway,Western Pacific Flyway",Decreasing,Procellariidae,Procellariiformes,AVIBASE-60825BF6,NA,NA,NA,NA,NA,NA,5,2,3,0,4,37.2,22.2,6.5,7.5,49.3,262.2,165,93.2,63.8,82.8,559,Dunning,NA,NO,NA,NA,Marine,3,3,Carnivore,Aquatic predator,Generalist
Procellariidae,"Petrels, Shearwaters",NA,NA,Sooty Shearwater,Ardenna grisea,Pelagic,NT,1,n,TRUE,TRUE,1,1,1,2,0,0,0,0,2,1,1,1,0,0,0,"Atlantic Flyway,Central and Eastern Pacific Flyway,Western Pacific Flyway",Decreasing,Procellariidae,Procellariiformes,AVIBASE-1725B07D,NA,NA,NA,NA,NA,NA,5,2,3,0,4,47.8,31.1,7.8,10,55.8,295.6,181.5,112,61.8,88,787,Dunning,NA,NO,NA,NA,Marine,3,3,Carnivore,Aquatic predator,Generalist
Procellariidae,"Petrels, Shearwaters",NA,NA,Great Shearwater,Ardenna gravis,Pelagic,LC,1,n,TRUE,TRUE,1,1,1,1,2,0,0,0,2,1,1,1,0,0,0,Atlantic Flyway,Stable,Procellariidae,Procellariiformes,AVIBASE-8B879DFA,NA,NA,NA,NA,NA,NA,5,2,3,0,4,54.7,36.3,8.3,11.3,58.1,317.8,195.2,120.2,61.9,112.8,849,Dunning,NA,NO,NA,NA,Marine,3,3,Carnivore,Aquatic predator,Aerial
Procellariidae,"Petrels, Shearwaters",NA,NA,Flesh-footed Shearwater,Ardenna carneipes,Pelagic,NT,0,NA,TRUE,TRUE,1,1,1,2,2,0,0,0,2,2,1,1,0,0,0,"Central and Eastern Pacific Flyway,East Indian Ocean Flyway,North Indian Ocean Flyway,Western Pacific Flyway",Decreasing,Procellariidae,Procellariiformes,AVIBASE-08F22F84,NA,NA,NA,NA,NA,NA,5,2,3,0,4,47.8,31.1,8.9,12.1,52.1,310.2,188.5,120.5,61,110.2,609,Dunning,NA,NO,NA,NA,Marine,3,3,Carnivore,Aquatic predator,Aerial
Procellariidae,"Petrels, Shearwaters",NA,NA,Pink-footed Shearwater,Ardenna creatopus,Pelagic,VU,0,NA,TRUE,TRUE,1,1,1,1,2,0,0,0,0,2,1,1,0,0,0,,NA,Procellariidae,Procellariiformes,AVIBASE-9A77D2B0,NA,NA,NA,NA,NA,NA,5,1,4,0,4,48.4,33,9.2,12.5,52.5,324,203,121,62.6,112.2,744,Dunning,NA,NO,NA,NA,Marine,3,3,Carnivore,Aquatic predator,Generalist
Procellariidae,"Petrels, Shearwaters",NA,NA,Streaked Shearwater,Calonectris leucomelas,Pelagic,NT,0,NA,TRUE,TRUE,0,0,2,1,1,1,1,1,1,1,2,0,0,1,0,Western Pacific Flyway,Decreasing,Procellariidae,Procellariiformes,AVIBASE-13B165A3,-36.41,49.6,6.96,138.2294916,32884751.33,Extant,4,2,2,0,4,48.9,39.1,9.7,12.2,48.2,319.2,195,124.2,61,131.8,580,Dunning,NA,NO,NA,NA,Marine,3,3,Carnivore,Aquatic predator,Generalist
Procellariidae,"Petrels, Shearwaters",NA,NA,Scopoli's Shearwater,Calonectris diomedea,Pelagic,LC,0,NA,TRUE,TRUE,0,2,1,1,1,1,1,1,1,2,0,0,1,1,0,Atlantic Flyway,Decreasing,Procellariidae,Procellariiformes,AVIBASE-FF3D837A,-48.27,60.57,1.27,-17.70821896,62373387.06,Extant,8,4,4,0,8,53.7,40.8,11,14.5,52.9,345.6,203.5,142.1,58.9,127.6,535,Dunning,NA,NO,NA,NA,Marine,3,3,Carnivore,Aquatic predator,Generalist
Procellariidae,"Petrels, Shearwaters",NA,NA,Cory's Shearwater,Calonectris borealis,Pelagic,LC,0,NA,TRUE,TRUE,0,2,1,1,1,1,1,1,1,1,2,0,0,0,0,Atlantic Flyway,Unknown,NA,NA,NA,NA,NA,NA,NA,NA,NA,NA,NA,NA,NA,NA,NA,NA,NA,NA,NA,NA,NA,NA,NA,NA,NA,NA,NA,NA,NA,NA,NA,NA,NA,NA,NA,NA
Procellariidae,"Petrels, Shearwaters",NA,NA,Cape Verde Shearwater,Calonectris edwardsii,Pelagic,NT,0,NA,TRUE,TRUE,0,0,2,1,1,1,1,1,1,1,2,0,0,1,0,Atlantic Flyway,Decreasing,Procellariidae,Procellariiformes,AVIBASE-D6AB20A5,-43.48,28.93,-8.1,-30.07612954,14809214.03,Extant,4,2,2,0,4,42.8,34,8.2,10.9,44.4,309,192.8,116.2,62.4,118.2,535,Dunning,NA,NO,NA,NA,Marine,3,3,Carnivore,Aquatic predator,Aerial
Procellariidae,"Petrels, Shearwaters",NA,NA,Christmas Shearwater,Puffinus nativitatis,Pelagic,LC,0,NA,TRUE,TRUE,2,2,2,2,2,2,2,2,2,2,2,2,0,0,1,Central and Eastern Pacific Flyway,Stable,Procellariidae,Procellariiformes,AVIBASE-EBFA76B4,-31.8,37.42,2.39,-102.4978974,50917573.17,Extant,4,0,1,3,4,29.1,22.3,5.7,8.1,40.7,235.5,147.5,88,62.6,86.5,356,Dunning,NA,NO,NA,NA,Marine,3,2,Carnivore,Aquatic predator,Generalist
Procellariidae,"Petrels, Shearwaters",NA,NA,Galapagos Shearwater,Puffinus subalaris,Pelagic,LC,0,NA,TRUE,TRUE,2,2,2,2,2,2,2,2,2,2,2,2,0,0,1,,NA,Procellariidae,Procellariiformes,AVIBASE-5FE42C6D,NA,NA,NA,NA,NA,NA,4,2,2,0,4,29.8,20.6,4.6,5.6,35.2,186.2,106,80.2,56.9,71.2,168,Updated_literature,Dunning (2021),NO,NA,NA,Marine,3,2,Carnivore,Aquatic predator,Aquatic
Procellariidae,"Petrels, Shearwaters",NA,NA,Fluttering Shearwater,Puffinus gavia,Pelagic,LC,0,NA,TRUE,TRUE,1,2,0,0,0,0,0,2,1,1,1,1,0,1,0,,NA,Procellariidae,Procellariiformes,AVIBASE-426C93D3,-54,-24.33,-40.18,127.3775975,10247533.21,Extant,5,2,3,0,4,37.9,26,5.7,7.5,40.6,198.2,127.5,74,63.3,58.4,228.9,Dunning,NA,NO,NA,NA,Marine,3,2,Carnivore,Aquatic predator,Generalist
Procellariidae,"Petrels, Shearwaters",NA,NA,Hutton's Shearwater,Puffinus huttoni,Pelagic,EN,0,NA,TRUE,TRUE,2,2,2,2,0,0,0,2,2,2,2,2,0,1,0,Western Pacific Flyway,Stable,Procellariidae,Procellariiformes,AVIBASE-27FAC807,-47.55,-11.41,-33.18,143.6847782,3868377.86,Extant,2,0,1,1,2,41.7,29.2,5.9,6.3,39.9,209,124,85,59.3,61.5,364,Dunning,NA,NO,NA,NA,Marine,3,2,Carnivore,Aquatic predator,Generalist
Procellariidae,"Petrels, Shearwaters",NA,NA,Black-vented Shearwater,Puffinus opisthomelas,Pelagic,NT,0,NA,TRUE,TRUE,1,1,1,1,1,1,1,1,2,0,0,2,0,1,0,,NA,Procellariidae,Procellariiformes,AVIBASE-4FC153E1,14.48,38.16,25.57,-113.3825677,1884049.53,Extant,5,2,3,0,4,42.4,28.8,6.6,8.4,43.7,233,146.5,84.2,63.5,80.2,408,Dunning,NA,NO,NA,NA,Marine,3,2,Carnivore,Aquatic predator,Generalist
Procellariidae,"Petrels, Shearwaters",NA,NA,Bryan's Shearwater,Puffinus bryani,Pelagic,CR,0,NA,TRUE,TRUE,1,2,0,0,0,0,0,0,0,0,0,2,0,0,0,"Central and Eastern Pacific Flyway,Western Pacific Flyway",Decreasing,Procellariidae,Procellariiformes,AVIBASE-4D3C7770,NA,NA,NA,NA,NA,NA,1,0,1,0,1,24.3,17.9,4.8,6.1,34.1,165,67.1,97.9,40.7,82,147,Updated_literature,Dunning (2021),NO,NA,NA,NA,3,2,Carnivore,Aquatic predator,Generalist
Procellariidae,"Petrels, Shearwaters",NA,NA,Rapa Shearwater,Puffinus myrtae,Pelagic,CR,0,NA,TRUE,TRUE,0,0,0,2,2,1,1,1,1,2,2,0,0,0,0,Central and Eastern Pacific Flyway,Decreasing,Procellariidae,Procellariiformes,AVIBASE-869D13F7,NA,NA,NA,NA,NA,NA,0,0,0,0,0,33.3,22.7,5.5,7.1,38.9,198,112,86.2,56.5,85.2,350.8,DataFromSplit,NA,YES,Beak Culmen; Beak Nares; Beak Width; Beak Depth; Tarsus Length; Wing Length; Kipp's Distance; Secondary1; Hand-Wing Index; Tail Length,Puffinus lherminieri,Marine,3,2,Carnivore,Aquatic predator,Generalist
Procellariidae,"Petrels, Shearwaters",NA,NA,Newell's Shearwater,Puffinus newelli,Pelagic,CR,0,NA,TRUE,TRUE,2,2,2,2,2,2,2,2,2,2,2,2,0,0,1,Central and Eastern Pacific Flyway,Decreasing,Procellariidae,Procellariiformes,AVIBASE-445A0B00,-29.41,23.41,11.86,-141.5500292,12591274.67,Extant,1,0,1,0,1,42.7,26.3,7,10.2,46,241,107,134,44.4,91,350.8,Dunning,NA,NO,NA,NA,Marine,3,2,Carnivore,Aquatic predator,Generalist
Procellariidae,"Petrels, Shearwaters",NA,NA,Townsend's Shearwater,Puffinus auricularis,Pelagic,CR,0,NA,TRUE,TRUE,0,2,1,1,1,1,1,2,0,0,0,0,0,0,0,,NA,Procellariidae,Procellariiformes,AVIBASE-85EB0CC4,6.57,24.71,16.11,-107.8507849,2806331.8,Extant,4,1,3,0,4,39.3,24.8,6.2,8.5,45.4,220.2,118.1,102.2,53.6,84,350.8,Dunning,NA,NO,NA,NA,Marine,3,2,Carnivore,Aquatic predator,Generalist
Procellariidae,"Petrels, Shearwaters",NA,NA,Tropical Shearwater,Puffinus bailloni,Pelagic,LC,0,NA,TRUE,TRUE,2,2,2,2,0,0,2,2,2,2,2,2,0,0,0,"Central and Eastern Pacific Flyway,North Indian Ocean Flyway,Western Pacific Flyway",Stable,Procellariidae,Procellariiformes,AVIBASE-6DA05B66,NA,NA,NA,NA,NA,NA,3,1,2,0,3,32.4,20.5,4.6,6.3,38.3,185,101,84,54.3,67.3,214,Updated_literature,Dunning (2021),NO,NA,NA,Marine,3,2,Carnivore,Aquatic predator,Aquatic
Procellariidae,"Petrels, Shearwaters",NA,NA,Persian Shearwater,Puffinus persicus,Pelagic,LC,0,NA,TRUE,TRUE,1,1,1,2,0,0,0,0,2,1,1,1,0,0,0,North Indian Ocean Flyway,Decreasing,Procellariidae,Procellariiformes,AVIBASE-198120BB,NA,NA,NA,NA,NA,NA,4,1,1,2,3,35.6,24.7,5.3,6.3,36.9,196.2,112.2,84,57.1,70.5,192.8,DataFromSplit,NA,NO,NA,NA,Marine,3,2,Carnivore,Aquatic predator,Aquatic
Procellariidae,"Petrels, Shearwaters",NA,NA,Bannerman's Shearwater,Puffinus bannermani,Pelagic,EN,0,NA,TRUE,TRUE,DD,NA,NA,NA,NA,NA,NA,NA,NA,NA,NA,NA,0,0,0,Western Pacific Flyway,Decreasing,Procellariidae,Procellariiformes,AVIBASE-6B59E687,NA,NA,NA,NA,NA,NA,1,0,0,1,1,34,22.4,5.3,6.3,39.3,208,119,89,57.2,74,192.8,DataFromSplit,NA,NO,NA,NA,Marine,3,2,Carnivore,Aquatic predator,Aquatic
Procellariidae,"Petrels, Shearwaters",NA,NA,Manx Shearwater,Puffinus puffinus,Pelagic,LC,1,n,TRUE,TRUE,0,2,1,1,1,1,1,1,1,2,0,0,1,1,0,Atlantic Flyway,Unknown,Procellariidae,Procellariiformes,AVIBASE-5AEDC002,-73.95,73.56,3.05,-32.38755213,69101740.74,Extant,4,2,2,0,4,34.6,27.3,6.4,7.9,41.7,232.5,143.2,89.2,61.6,73.8,453.3,Dunning,NA,NO,NA,NA,Marine,3,3,Carnivore,Aquatic predator,Generalist
Procellariidae,"Petrels, Shearwaters",NA,NA,Yelkouan Shearwater,Puffinus yelkouan,Pelagic,VU,0,NA,TRUE,TRUE,1,1,1,1,1,1,2,0,0,0,2,1,1,1,0,,NA,Procellariidae,Procellariiformes,AVIBASE-FD97EC1E,30.27,47.29,38.15,19.48624371,2989515.98,Extant,4,2,2,0,4,42.4,27.8,6.1,8,45.3,228.8,138.5,90.2,60.6,67.2,497,Dunning,NA,NO,NA,NA,Marine,3,2,Carnivore,Aquatic predator,Generalist
Procellariidae,"Petrels, Shearwaters",NA,NA,Balearic Shearwater,Puffinus mauretanicus,Pelagic,CR,0,NA,TRUE,TRUE,1,1,1,1,1,2,0,0,2,1,1,1,0,1,0,,NA,Procellariidae,Procellariiformes,AVIBASE-42F573C7,30.27,64.09,47.1,1.494985792,3816160.57,Extant,4,2,2,0,4,45.1,30,7.7,9.2,45.6,242.2,140.7,101.6,58.1,70,497,Dunning,NA,NO,NA,NA,Marine,3,2,Carnivore,Aquatic predator,Generalist
Procellariidae,"Petrels, Shearwaters",NA,NA,Subantarctic Shearwater,Puffinus elegans,Pelagic,LC,0,NA,TRUE,TRUE,2,1,1,1,1,1,1,1,1,1,2,2,0,0,0,Southern Ocean Flyway,Decreasing,Procellariidae,Procellariiformes,AVIBASE-6F4BBFE2,NA,NA,NA,NA,NA,NA,5,3,0,2,5,29.4,18.6,5.3,6.9,39.8,184.1,97.2,87,53,64.8,226,DataFromSplit,NA,NO,NA,NA,Marine,3,2,Carnivore,Aquatic predator,Generalist
Procellariidae,"Petrels, Shearwaters",NA,NA,Little Shearwater,Puffinus assimilis,Pelagic,LC,0,NA,TRUE,TRUE,2,0,0,2,1,1,1,1,1,1,1,1,0,1,0,Central and Eastern Pacific Flyway,Decreasing,Procellariidae,Procellariiformes,AVIBASE-0205EDC6,-55.96,32.31,-34.7,77.38368726,37231349.37,Extant,5,3,2,0,4,28.3,17.8,4.3,5.6,36,179.8,97.8,79,55.3,67.4,226,Dunning,NA,NO,NA,NA,Marine,3,2,Carnivore,Aquatic predator,Generalist
Procellariidae,"Petrels, Shearwaters",NA,NA,Audubon's Shearwater,Puffinus lherminieri,Pelagic,LC,0,NA,TRUE,TRUE,1,1,2,0,2,1,1,1,1,2,0,0,0,1,0,Atlantic Flyway,Decreasing,Procellariidae,Procellariiformes,AVIBASE-06C36D41,-26.28,56.38,8.23,-6.475487563,78995853.09,Extant,5,2,3,0,3,33.3,22.7,5.5,7.1,38.9,198,112,86.2,56.5,85.2,192.8,Dunning,NA,NO,NA,NA,Marine,3,2,Carnivore,Aquatic predator,Aquatic
Procellariidae,"Petrels, Shearwaters",NA,NA,Heinroth's Shearwater,Puffinus heinrothi,Pelagic,VU,0,NA,TRUE,TRUE,2,1,2,0,0,0,0,2,2,0,0,0,0,0,0,Western Pacific Flyway,Stable,Procellariidae,Procellariiformes,AVIBASE-2ABFA6CC,-8.79,-1.9,-5.2,151.1068678,422924.81,Extant,4,2,0,2,4,33,23.6,4.9,5.7,35.4,178.5,43.7,134.8,24.5,74.8,192.76,Inferred,NA,YES,Body Mass,Puffinus lherminieri,Marine,3,2,Carnivore,Aquatic predator,Generalist
Procellariidae,"Petrels, Shearwaters",NA,NA,Fiji Petrel,Pseudobulweria macgillivrayi,Pelagic,CR,0,NA,TRUE,TRUE,0,0,0,2,1,1,1,1,1,1,1,2,0,0,0,"Central and Eastern Pacific Flyway,Western Pacific Flyway",Decreasing,Procellariidae,Procellariiformes,AVIBASE-54D9B4DB,-19.62,-15.8,-17.81,115.6773367,146910.59,Extant,1,0,1,0,1,30.2,19,6.6,8.2,36.4,204,124,80,60.8,82,143,Dunning,NA,NO,NA,NA,Marine,3,2,Carnivore,Aquatic predator,Aquatic
Procellariidae,"Petrels, Shearwaters",NA,NA,Mascarene Petrel,Pseudobulweria aterrima,Pelagic,CR,0,NA,TRUE,TRUE,1,1,1,0,0,0,2,2,2,1,1,2,0,1,0,,NA,Procellariidae,Procellariiformes,AVIBASE-9331EDA7,-22.79,-19.79,-21.3,55.99196734,74510.86,Extant,1,0,0,1,1,35.1,17.5,8.2,12.2,41,253,133.5,119.5,52.8,112,232,Dunning,NA,NO,NA,NA,Marine,3,2,Carnivore,Aquatic predator,Aquatic
Procellariidae,"Petrels, Shearwaters",NA,NA,Beck's Petrel,Pseudobulweria becki,Pelagic,CR,0,NA,TRUE,TRUE,2,2,2,2,2,2,2,2,2,2,2,1,0,0,1,Western Pacific Flyway,Decreasing,Procellariidae,Procellariiformes,AVIBASE-AA1E16FC,-17.92,-2.81,-4.81,153.4317258,120483.98,Extant,2,1,1,0,1,33.4,17.9,6.3,8,35.7,238,116.4,121.6,49,92.7,409,Dunning,NA,NO,NA,NA,Marine,3,2,Carnivore,Aquatic predator,Aquatic
Procellariidae,"Petrels, Shearwaters",NA,NA,Tahiti Petrel,Pseudobulweria rostrata,Pelagic,NT,0,NA,TRUE,TRUE,2,2,2,2,2,2,2,2,2,2,2,2,0,1,1,"Central and Eastern Pacific Flyway,Western Pacific Flyway",Decreasing,Procellariidae,Procellariiformes,AVIBASE-FCFBB7D9,-31.11,17.67,-8.04,-47.48571416,49574430.81,Extant,2,2,0,0,2,34.8,26.4,9.6,11.8,44.8,282.5,189,93.5,66.9,103.5,409,Dunning,NA,NO,NA,NA,Marine,3,2,Carnivore,Aquatic predator,Aquatic
Procellariidae,"Petrels, Shearwaters",NA,NA,Bulwer's Petrel,Bulweria bulwerii,Pelagic,LC,0,NA,TRUE,TRUE,0,0,0,0,2,1,1,1,2,0,0,0,0,1,0,"Atlantic Flyway,Central and Eastern Pacific Flyway,East Indian Ocean Flyway,North Indian Ocean Flyway,Western Pacific Flyway",Stable,Procellariidae,Procellariiformes,AVIBASE-058773E4,-37.3,47.24,7.36,-4.134943867,117388743.9,Extant,5,2,3,0,4,21.6,15.6,4.8,6.7,26.9,203.2,126,76.8,62.1,110.8,99,Dunning,NA,NO,NA,NA,Marine,3,2,Carnivore,Aquatic predator,Aquatic
Procellariidae,"Petrels, Shearwaters",NA,NA,Jouanin's Petrel,Bulweria fallax,Pelagic,NT,0,NA,TRUE,TRUE,0,0,0,0,0,0,2,1,1,1,1,2,0,0,0,North Indian Ocean Flyway,Unknown,Procellariidae,Procellariiformes,AVIBASE-F501ED18,-8.52,25.64,6.58,61.54090599,8090659.18,Extant,5,1,2,2,4,29.8,20.7,7.4,9.9,31.9,240.8,150,91.2,62.1,113.8,173,Dunning,NA,NO,NA,NA,Marine,3,2,Carnivore,Aquatic predator,Aquatic
Procellariidae,"Petrels, Shearwaters",NA,NA,Small Saint Helena Petrel,Bulweria bifax,Pelagic,EX,0,NA,FALSE,FALSE,DD,NA,NA,NA,NA,NA,NA,NA,NA,NA,NA,NA,0,0,0,,NA,NA,NA,NA,NA,NA,NA,NA,NA,NA,NA,NA,NA,NA,NA,NA,NA,NA,NA,NA,NA,NA,NA,NA,NA,NA,NA,NA,NA,NA,NA,NA,NA,NA,NA,NA,NA
Procellariidae,"Petrels, Shearwaters",NA,NA,Whenua Hou Diving-petrel,Pelecanoides whenuahouensis,Pelagic,CR,0,NA,TRUE,TRUE,2,0,0,0,0,0,0,0,2,1,1,1,0,0,0,,NA,NA,NA,NA,NA,NA,NA,NA,NA,NA,NA,NA,NA,NA,NA,NA,NA,NA,NA,NA,NA,NA,NA,NA,NA,NA,NA,NA,NA,NA,NA,NA,NA,NA,NA,NA,NA
Procellariidae,"Petrels, Shearwaters",NA,NA,Peruvian Diving-petrel,Pelecanoides garnotii,Pelagic,NT,0,NA,TRUE,TRUE,2,2,2,2,2,2,2,2,2,2,2,2,0,1,1,,NA,Procellariidae,Procellariiformes,AVIBASE-770BA3E8,-41.8,-3.12,-21.87,-74.56954196,469385.96,Extant,4,2,2,0,4,30.1,15.5,6.8,7.6,31.5,134.2,67.4,66.8,50.2,39.2,219.7,Dunning,NA,NO,NA,NA,Marine,3,2,Carnivore,Aquatic predator,Aquatic
Procellariidae,"Petrels, Shearwaters",NA,NA,Magellanic Diving-petrel,Pelecanoides magellani,Pelagic,LC,0,NA,TRUE,TRUE,1,1,2,0,0,0,0,0,0,0,2,1,0,0,0,,NA,Procellariidae,Procellariiformes,AVIBASE-C849C714,-57.5,-39.59,-51.13,-68.87612128,1187555.99,Extant,5,2,3,0,4,26.3,12.3,5.8,6,26.1,125.6,60.5,63.8,48.6,41.4,134,Dunning,NA,NO,NA,NA,Marine,3,2,Carnivore,Aquatic predator,Aquatic
Procellariidae,"Petrels, Shearwaters",NA,NA,South Georgia Diving-petrel,Pelecanoides georgicus,Pelagic,LC,0,NA,TRUE,TRUE,1,2,0,0,0,0,0,0,2,1,1,1,0,1,0,,NA,Procellariidae,Procellariiformes,AVIBASE-1838EC86,-67.79,-41.21,-52.94,51.16106545,8778963.19,Extant,4,1,2,1,4,21.1,11.7,6.3,6,22.2,110.8,56.6,54.1,51.1,42.8,121,Dunning,NA,NO,NA,NA,Marine,3,2,Carnivore,Aquatic predator,Aquatic
Procellariidae,"Petrels, Shearwaters",NA,NA,Common Diving-petrel,Pelecanoides urinatrix,Pelagic,LC,0,NA,TRUE,TRUE,0,0,2,1,1,1,1,1,1,1,1,2,0,1,0,Southern Ocean Flyway,Decreasing,Procellariidae,Procellariiformes,AVIBASE-8A40716A,-63.56,-24.03,-46.17,65.55346377,21746036.6,Extant,7,4,3,0,4,28.1,13.1,6.4,7.2,23.9,121.7,56.8,62.2,47.7,39,152.1,Dunning,NA,NO,NA,NA,Marine,3,2,Carnivore,Aquatic predator,Aquatic
Fregatidae,Frigatebirds,,NA,Lesser Frigatebird,Fregata ariel,Pelagic,LC,0,NA,TRUE,TRUE,2,2,2,2,2,2,2,2,2,2,2,2,0,1,1,,NA,Fregatidae,Suliformes,AVIBASE-09ED7E92,-33.44,31.84,-2.33,28.00019076,94658392.52,Extant,7,3,4,0,4,91.4,76.8,19.9,17.2,14.9,513,333,183.5,64.6,277,804.3,Dunning,NA,NO,NA,NA,Marine,3,3,Carnivore,Aquatic predator,Aerial
Fregatidae,Frigatebirds,,NA,Great Frigatebird,Fregata minor,Pelagic,LC,1,n,TRUE,TRUE,2,2,2,2,2,2,2,2,2,2,2,2,0,1,1,,NA,Fregatidae,Suliformes,AVIBASE-788EBCAB,-27.65,28.22,-1.46,-94.34439941,24816.16,Extant,4,2,2,0,4,116.8,98.2,25.6,21.8,19.6,567.8,364.5,203.2,64.2,396.5,1274.7,Dunning,NA,NO,NA,NA,Marine,3,3,Carnivore,Aquatic predator,Aerial
Fregatidae,Frigatebirds,,NA,Christmas Island Frigatebird,Fregata andrewsi,Pelagic,VU,0,NA,TRUE,TRUE,2,2,2,2,2,2,2,2,2,2,2,2,0,0,1,,NA,Fregatidae,Suliformes,AVIBASE-67200E8E,-10.47,-10.42,-10.43,105.685593,1.89,Extant,4,2,2,0,4,124.8,102.4,24.4,22.2,29.1,618.8,386.5,232.2,62.5,401.8,1473.1,Dunning,NA,NO,NA,NA,Marine,3,3,Carnivore,Aquatic predator,Aerial
Fregatidae,Frigatebirds,,NA,Magnificent Frigatebird,Fregata magnificens,Pelagic,LC,1,n,TRUE,TRUE,2,2,2,2,2,2,2,2,2,2,2,2,1,1,1,,NA,Fregatidae,Suliformes,AVIBASE-8AA3B42E,-27.66,27.33,-14.03,-60.09969992,191468.89,Extant,5,1,1,3,4,121.9,95.9,25.8,22.5,28.9,642,413,232.2,64,439.8,1490.5,Dunning,NA,NO,NA,NA,Marine,3,3,Carnivore,Aquatic predator,Aerial
Fregatidae,Frigatebirds,,NA,Ascension Frigatebird,Fregata aquila,Pelagic,VU,0,NA,TRUE,TRUE,2,2,2,2,2,2,2,2,2,2,2,2,0,1,1,,NA,Fregatidae,Suliformes,AVIBASE-00E090F8,-16.92,-1.18,-8.34,-12.96288805,2548973.33,Extant,5,2,3,0,4,97.2,85.5,24.2,19.9,24.9,568.4,363.8,207.8,63.8,385,1620,Dunning,NA,NO,NA,NA,Marine,3,3,Carnivore,Aquatic predator,Aerial
Sulidae,"Gannets, Boobies",,NA,Abbott's Booby,Papasula abbotti,Pelagic,EN,0,NA,TRUE,TRUE,2,2,2,2,2,2,2,2,2,2,2,2,0,0,1,,NA,Sulidae,Suliformes,AVIBASE-92A2CCFC,-13.26,-7.67,-10.73,107.1075533,677593.38,Extant,5,2,3,0,4,118.8,91.3,26.9,37.7,46.1,442.4,287,157.5,64.6,204.8,1550.7,Dunning,NA,NO,NA,NA,Marine,3,2,Carnivore,Aquatic predator,Aerial
Sulidae,"Gannets, Boobies",,NA,Northern Gannet,Morus bassanus,Pelagic,LC,1,o,TRUE,TRUE,0,0,0,2,1,1,1,1,1,2,0,0,1,1,0,Atlantic Flyway,Increasing,Sulidae,Suliformes,AVIBASE-534FB490,16.59,73.73,49.75,-26.89093038,18270100.05,Extant,6,2,3,1,4,98.7,98,24.8,32,60,485.8,300.5,183.5,62.1,206.2,2998.7,Dunning,NA,NO,NA,NA,Marine,3,2,Carnivore,Aquatic predator,Aerial
Sulidae,"Gannets, Boobies",,NA,Cape Gannet,Morus capensis,Pelagic,EN,1,o,TRUE,TRUE,1,1,1,2,0,0,0,0,2,1,1,1,0,1,0,,NA,Sulidae,Suliformes,AVIBASE-775E93D7,-33.84,-25.72,-28.73,17.0996646,2.93,Extant,4,2,2,0,4,91,91,23,29.1,59.4,449.8,269,180.8,59.8,173,2643.4,Dunning,NA,NO,NA,NA,Marine,3,2,Carnivore,Aquatic predator,Aerial
Sulidae,"Gannets, Boobies",,NA,Australasian Gannet,Morus serrator,Pelagic,LC,0,NA,TRUE,TRUE,1,1,1,1,2,0,0,0,0,2,1,1,0,0,0,,NA,Sulidae,Suliformes,AVIBASE-13610344,-46.68,-23.48,-39.73,152.625948,10238.62,Extant,6,1,2,3,4,88.3,87,22.6,29.4,54.1,461,279.5,174.2,61.6,200.5,2350,Dunning,NA,NO,NA,NA,Marine,3,2,Carnivore,Aquatic predator,Aerial
Sulidae,"Gannets, Boobies",,NA,Red-footed Booby,Sula sula,Pelagic,LC,1,n,TRUE,TRUE,2,2,2,2,2,2,2,2,2,2,2,2,0,1,1,,NA,Sulidae,Suliformes,AVIBASE-0A4609D1,-29.43,29.12,-1.92,-3.711563715,122459893.2,Extant,5,2,3,0,4,79.3,79,21.5,25.9,35.2,366.8,229.2,140.8,62,193.8,1031.1,Dunning,NA,NO,NA,NA,Marine,3,2,Carnivore,Aquatic predator,Aerial
Sulidae,"Gannets, Boobies",,NA,Brown Booby,Sula leucogaster,Pelagic,LC,1,n,TRUE,TRUE,2,2,2,2,2,2,2,2,2,2,2,2,0,1,1,,NA,Sulidae,Suliformes,AVIBASE-5EC21767,-30.4,34.99,-0.85,-32.92250944,26818777.48,Extant,5,1,2,2,4,100.9,86.9,20.5,30.1,35.7,388.6,232,159,59.3,204.4,1288.8,Dunning,NA,NO,NA,NA,Marine,3,2,Carnivore,Aquatic predator,Aerial
Sulidae,"Gannets, Boobies",,NA,Blue-footed Booby,Sula nebouxii,Pelagic,LC,1,n,TRUE,TRUE,0,0,0,0,0,2,1,1,1,1,2,0,0,1,0,,NA,Sulidae,Suliformes,AVIBASE-649F85B5,-22.4,32.29,8.32,-92.13427518,4287194.46,Extant,5,2,3,0,4,99.8,99,26.1,29.9,51.6,410.4,236,174,57.5,212.2,1520.1,Dunning,NA,NO,NA,NA,Marine,3,2,Carnivore,Aquatic predator,Aerial
Sulidae,"Gannets, Boobies",,NA,Peruvian Booby,Sula variegata,Pelagic,LC,1,n,TRUE,TRUE,1,2,0,0,0,0,0,0,2,1,1,1,0,1,0,,NA,Sulidae,Suliformes,AVIBASE-AD43BCD9,-37.75,-3.99,-19.82,-74.53657079,229733.56,Extant,5,2,3,0,4,88.9,88.8,23.1,29.5,48.4,370.4,204,169,54.6,161.4,1432.5,Dunning,NA,NO,NA,NA,Marine,3,2,Carnivore,Aquatic predator,Aerial
Sulidae,"Gannets, Boobies",,NA,Masked Booby,Sula dactylatra,Pelagic,LC,0,NA,TRUE,TRUE,2,1,1,1,1,1,1,1,1,1,2,0,0,1,0,,NA,Sulidae,Suliformes,AVIBASE-22D1B4A2,-36.61,31.54,-1.77,-9.460177399,130196617.9,Extant,4,2,2,0,4,96,96,26.2,34.2,54,412.2,257.2,155,62.4,171.2,1732.1,Dunning,NA,NO,NA,NA,Marine,3,2,Carnivore,Aquatic predator,Aerial
Sulidae,"Gannets, Boobies",,NA,Nazca Booby,Sula granti,Pelagic,LC,0,NA,TRUE,TRUE,1,1,1,1,1,2,0,0,0,2,1,1,0,1,0,,NA,Sulidae,Suliformes,AVIBASE-0C4DB4A5,-7.53,19.45,7.26,-89.04570613,1390871.94,Extant,4,1,1,2,3,102,91.6,24.9,34.5,55.5,416.8,235.3,182.3,56.4,182.5,1732.1,Dunning,NA,NO,NA,NA,Marine,3,2,Carnivore,Aquatic predator,Aerial
Phalacrocoracidae,Cormorants,,NA,Crowned Cormorant,Microcarbo coronatus,Coastal,LC,1,o,TRUE,TRUE,2,2,2,2,2,2,2,2,2,2,2,2,0,0,1,,NA,Phalacrocoracidae,Suliformes,AVIBASE-446E8F9D,NA,NA,NA,NA,NA,NA,5,2,3,0,4,34.6,26.9,6.9,10.2,39.1,205.8,69.8,134,34.2,138.4,762.2,Dunning,NA,NO,NA,NA,Marine,3,2,Carnivore,Aquatic predator,Aquatic
Phalacrocoracidae,Cormorants,,NA,Long-tailed Cormorant,Microcarbo africanus,Coastal,LC,0,NA,TRUE,TRUE,2,2,2,2,2,2,2,2,2,2,2,2,0,0,1,,NA,Phalacrocoracidae,Suliformes,AVIBASE-E255DCE1,NA,NA,NA,NA,NA,NA,5,3,2,0,4,36.5,27.5,7.3,10.3,34.8,198.8,74.5,121.8,37.9,142.6,545,Dunning,NA,NO,NA,NA,Wetland,3,1,Carnivore,Aquatic predator,Aquatic
Phalacrocoracidae,Cormorants,,NA,Pygmy Cormorant,Microcarbo pygmaeus,Coastal,LC,1,o,TRUE,TRUE,0,0,0,2,1,1,1,1,1,2,0,0,0,0,0,,NA,Phalacrocoracidae,Suliformes,AVIBASE-AFF49475,NA,NA,NA,NA,NA,NA,5,2,3,0,4,36.6,26.5,7.6,12.1,36.1,201,63.8,136.2,31.8,142.4,676,Dunning,NA,NO,NA,NA,Wetland,3,2,Carnivore,Aquatic predator,Aquatic
Phalacrocoracidae,Cormorants,,NA,Little Cormorant,Microcarbo niger,Coastal,LC,0,NA,TRUE,TRUE,0,0,0,0,0,2,1,2,0,0,0,0,0,0,0,,NA,Phalacrocoracidae,Suliformes,AVIBASE-60EA3FA9,NA,NA,NA,NA,NA,NA,5,2,3,0,4,34.6,25.8,7.2,11.3,36,196.4,65,129.5,33.3,131.4,427,Dunning,NA,NO,NA,NA,Wetland,3,2,Carnivore,Aquatic predator,Aquatic
Phalacrocoracidae,Cormorants,,NA,Little Pied Cormorant,Microcarbo melanoleucos,Coastal,LC,0,NA,TRUE,TRUE,2,2,2,2,2,2,2,2,2,2,2,2,0,0,1,,NA,Phalacrocoracidae,Suliformes,AVIBASE-DF8F84C3,NA,NA,NA,NA,NA,NA,8,4,2,2,4,37.4,27.5,7.6,11.4,37.6,218.8,80.5,138.2,36.8,153,727.4,Dunning,NA,NO,NA,NA,Wetland,3,1,Carnivore,Aquatic predator,Aquatic
Phalacrocoracidae,Cormorants,,NA,Red-legged Cormorant,Poikilocarbo gaimardi,Coastal,NT,1,n,TRUE,TRUE,1,2,0,0,0,0,0,0,0,2,1,1,0,0,0,,NA,Phalacrocoracidae,Suliformes,AVIBASE-1636D621,NA,NA,NA,NA,NA,NA,4,2,2,0,4,65.5,47.8,9,12.5,54.6,246.5,73.8,172.7,30,93.2,1358.3,Dunning,NA,NO,NA,NA,Marine,3,1,Carnivore,Aquatic predator,Aquatic
Phalacrocoracidae,Cormorants,,NA,Rock Shag,Leucocarbo magellanicus,Coastal,LC,1,n,TRUE,TRUE,1,2,0,0,0,0,0,0,0,2,1,1,0,0,0,,NA,Phalacrocoracidae,Suliformes,AVIBASE-1EA575E0,NA,NA,NA,NA,NA,NA,5,2,3,0,4,51.5,38.4,7.7,10.4,54.5,250.4,85.3,163.7,34.3,132.4,1483.4,Dunning,NA,NO,NA,NA,Marine,3,1,Carnivore,Aquatic predator,Aquatic
Phalacrocoracidae,Cormorants,,NA,Guanay Cormorant,Leucocarbo bougainvilliorum,Coastal,NT,1,n,TRUE,TRUE,2,2,2,2,2,2,2,2,2,2,2,2,0,0,1,,NA,NA,NA,NA,NA,NA,NA,NA,NA,NA,NA,NA,NA,NA,NA,NA,NA,NA,NA,NA,NA,NA,NA,NA,NA,NA,NA,NA,NA,NA,NA,NA,NA,NA,NA,NA,NA
Phalacrocoracidae,Cormorants,,NA,Imperial Shag,Leucocarbo atriceps,Coastal,LC,1,n,TRUE,TRUE,1,1,2,0,0,0,0,0,2,1,1,1,0,0,0,,NA,Phalacrocoracidae,Suliformes,AVIBASE-405403BD,NA,NA,NA,NA,NA,NA,9,4,5,0,8,68.6,46.9,9.8,13.4,65,283.6,100.2,181.8,35.6,117.9,2000,EltonTraits_Model,NA,NO,NA,NA,Marine,3,2,Carnivore,Aquatic predator,Aquatic
Phalacrocoracidae,Cormorants,,NA,South Georgia Shag,Leucocarbo georgianus,Coastal,NR,1,n,FALSE,FALSE,2,2,2,0,0,0,0,0,0,2,2,2,0,0,0,,NA,Phalacrocoracidae,Suliformes,AVIBASE-1A941EF8,NA,NA,NA,NA,NA,NA,4,2,2,0,4,59,40.5,9.6,12.5,65.6,288.5,99,189.4,34.3,125.8,2000,EltonTraits_Model,NA,NO,NA,NA,Marine,3,2,Carnivore,Aquatic predator,Aquatic
Phalacrocoracidae,Cormorants,,NA,Kerguelen Islands Shag,Leucocarbo verrucosus,Coastal,LC,0,NA,TRUE,TRUE,1,2,0,0,0,0,0,0,2,1,1,1,0,0,0,,NA,Phalacrocoracidae,Suliformes,AVIBASE-C6DA25F4,NA,NA,NA,NA,NA,NA,4,0,2,2,4,57.8,38.1,9,12.1,59.9,267.2,96.5,170.7,36.1,112.8,2000,EltonTraits_Model,NA,NO,NA,NA,Marine,3,2,Carnivore,Aquatic predator,Aquatic
Phalacrocoracidae,Cormorants,,NA,Rough-faced Shag,Leucocarbo carunculatus,Coastal,VU,0,NA,TRUE,TRUE,0,0,2,1,1,1,1,1,1,1,1,2,0,0,0,,NA,Phalacrocoracidae,Suliformes,AVIBASE-09D4D411,NA,NA,NA,NA,NA,NA,5,3,0,2,3,74.9,56.9,13.4,17.2,63.5,287.8,106.2,183.5,36.7,119.8,2576.3,Dunning,NA,NO,NA,NA,Marine,3,2,Carnivore,Aquatic predator,Aquatic
Phalacrocoracidae,Cormorants,,NA,Stewart Island Shag,Leucocarbo chalconotus,Coastal,VU,0,NA,TRUE,TRUE,2,2,2,2,2,2,2,2,2,2,2,2,0,0,1,,NA,Phalacrocoracidae,Suliformes,AVIBASE-483FA17D,NA,NA,NA,NA,NA,NA,5,2,2,1,4,65.8,45.8,10.6,14.1,65.5,283.4,95.6,186.7,33.9,113.6,2220.1,Dunning,NA,NO,NA,NA,Marine,3,2,Carnivore,Aquatic predator,Aquatic
Phalacrocoracidae,Cormorants,,NA,Chatham Islands Shag,Leucocarbo onslowi,Coastal,CR,0,NA,TRUE,TRUE,2,0,0,0,0,0,0,0,2,1,1,1,0,0,0,,NA,Phalacrocoracidae,Suliformes,AVIBASE-6EE1B0CE,NA,NA,NA,NA,NA,NA,1,0,0,1,1,62.9,41.5,8.4,12.7,64.1,259,92.7,166.3,35.8,103,2072.7,Dunning,NA,NO,NA,NA,Marine,3,2,Carnivore,Aquatic predator,Aquatic
Phalacrocoracidae,Cormorants,,NA,Campbell Island Shag,Leucocarbo campbelli,Coastal,VU,0,NA,TRUE,TRUE,0,0,0,0,0,0,0,2,1,1,1,2,0,0,0,,NA,Phalacrocoracidae,Suliformes,AVIBASE-961A9CE2,NA,NA,NA,NA,NA,NA,5,1,3,1,4,59.3,43.1,8.5,11.7,62.1,261,87,173.6,33.4,123.8,1897.4,Dunning,NA,NO,NA,NA,Marine,3,2,Carnivore,Aquatic predator,Aquatic
Phalacrocoracidae,Cormorants,,NA,Bounty Islands Shag,Leucocarbo ranfurlyi,Coastal,VU,0,NA,TRUE,TRUE,0,0,0,0,0,0,0,0,0,2,1,2,0,0,0,,NA,Phalacrocoracidae,Suliformes,AVIBASE-0866195D,NA,NA,NA,NA,NA,NA,4,2,2,0,4,65.9,45.1,8.4,12.6,66.6,261.8,84.2,177.6,32.2,115,2500,Dunning,NA,NO,NA,NA,Marine,3,2,Carnivore,Aquatic predator,Aquatic
Phalacrocoracidae,Cormorants,,NA,Auckland Islands Shag,Leucocarbo colensoi,Coastal,VU,0,NA,TRUE,TRUE,1,1,2,0,0,0,0,0,0,0,2,1,0,0,0,,NA,Phalacrocoracidae,Suliformes,AVIBASE-3B5B61A0,NA,NA,NA,NA,NA,NA,4,3,1,0,4,63,43.5,8.9,12.4,60.8,273.5,98.4,175.1,36,124.2,2000,Dunning,NA,NO,NA,NA,Marine,3,2,Carnivore,Aquatic predator,Aquatic
Phalacrocoracidae,Cormorants,,NA,Double-crested Cormorant,Nannopterum auritum,Coastal,LC,1,n,TRUE,TRUE,2,2,1,1,1,1,1,1,1,2,2,2,0,0,0,Americas Flyway,Increasing,Phalacrocoracidae,Suliformes,AVIBASE-3AC46C54,NA,NA,NA,NA,NA,NA,4,0,3,1,4,68.2,49.8,12,17,64.2,311.8,126.8,185,40.8,154.2,1806.5,Dunning,NA,NO,NA,NA,Marine,3,2,Carnivore,Aquatic predator,Aquatic
Phalacrocoracidae,Cormorants,,NA,Neotropical Cormorant,Nannopterum brasilianum,Coastal,LC,1,n,TRUE,TRUE,2,2,2,2,2,2,2,2,2,2,2,2,0,0,1,,NA,Phalacrocoracidae,Suliformes,AVIBASE-56036504,NA,NA,NA,NA,NA,NA,10,4,5,1,2,62.6,44.6,11.9,14.9,48.7,275.4,91.8,191.7,32.4,187.2,1239.3,Dunning,NA,NO,NA,NA,Wetland,3,1,Carnivore,Aquatic predator,Generalist
Phalacrocoracidae,Cormorants,,NA,Flightless Cormorant,Nannopterum harrisi,Coastal,VU,0,NA,TRUE,TRUE,2,2,2,2,2,2,2,2,2,2,2,2,0,0,1,,NA,Phalacrocoracidae,Suliformes,AVIBASE-CEA9048D,NA,NA,NA,NA,NA,NA,4,1,3,0,4,91.2,67.2,13.3,20.4,70.5,188.8,43.5,145.2,23,154,3016.6,Dunning,NA,NO,NA,NA,Marine,3,1,Carnivore,Aquatic predator,Aquatic
Phalacrocoracidae,Cormorants,,NA,Brandt's Cormorant,Urile penicillatus,Coastal,LC,1,n,TRUE,TRUE,0,0,0,2,1,1,1,1,2,0,0,0,0,0,0,,NA,Phalacrocoracidae,Suliformes,AVIBASE-987A703D,NA,NA,NA,NA,NA,NA,5,1,4,0,4,76.5,60.1,12.7,17.8,65.5,280.6,103.2,174.5,37.1,115.4,2224.2,Dunning,NA,NO,NA,NA,Marine,3,2,Carnivore,Aquatic predator,Aquatic
Phalacrocoracidae,Cormorants,,NA,Pelagic Cormorant,Urile pelagicus,Coastal,LC,0,NA,TRUE,TRUE,0,2,1,1,1,1,1,1,1,2,0,0,0,0,0,Americas Flyway,Decreasing,Phalacrocoracidae,Suliformes,AVIBASE-A429B5B8,NA,NA,NA,NA,NA,NA,5,1,2,2,4,51.9,38.8,8.4,10,53.6,254.4,87,171.3,33.6,137.4,1844,Dunning,NA,NO,NA,NA,Marine,3,1,Carnivore,Aquatic predator,Aquatic
Phalacrocoracidae,Cormorants,,NA,Red-faced Cormorant,Urile urile,Coastal,LC,0,NA,TRUE,TRUE,0,0,0,0,2,1,1,2,0,0,0,0,0,0,0,,NA,Phalacrocoracidae,Suliformes,AVIBASE-05DDE8C1,NA,NA,NA,NA,NA,NA,5,2,1,2,4,55.5,42.4,9.2,11.6,56.2,270.4,84.7,186.1,31.3,154.2,2117.7,Dunning,NA,NO,NA,NA,Marine,3,1,Carnivore,Aquatic predator,Aquatic
Phalacrocoracidae,Cormorants,,NA,Spectacled Cormorant,Urile perspicillatus,Coastal,EX,0,NA,FALSE,FALSE,DD,NA,NA,NA,NA,NA,NA,NA,NA,NA,NA,NA,0,0,0,,NA,NA,NA,NA,NA,NA,NA,NA,NA,NA,NA,NA,NA,NA,NA,NA,NA,NA,NA,NA,NA,NA,NA,NA,NA,NA,NA,NA,NA,NA,NA,NA,NA,NA,NA,NA,NA
Phalacrocoracidae,Cormorants,,NA,European Shag,Gulosus aristotelis,Coastal,LC,0,NA,TRUE,TRUE,1,1,1,1,1,1,2,0,0,0,2,1,0,0,0,,NA,Phalacrocoracidae,Suliformes,AVIBASE-CECC7B26,NA,NA,NA,NA,NA,NA,5,2,3,0,4,66,50.2,10.6,13.1,61.6,262.6,87,174.8,33.2,140.2,1764.3,Dunning,NA,NO,NA,NA,Marine,3,1,Carnivore,Aquatic predator,Aquatic
Phalacrocoracidae,Cormorants,,NA,Great Cormorant,Phalacrocorax carbo,Coastal,LC,1,o,TRUE,TRUE,0,0,0,2,1,1,1,2,0,0,0,0,1,0,0,"African_Eurasian Flyway,Americas Flyway,East Asia-Australasia Flyway",Increasing,Phalacrocoracidae,Suliformes,AVIBASE-3DF5C587,-47.29,76.41,11.89,76.81836257,24540701.98,Extant,13,6,7,0,8,82.7,57,13.2,18.3,64.2,340.2,124.2,211.7,37.1,148.2,2529,Dunning,NA,NO,NA,NA,Wetland,3,2,Carnivore,Aquatic predator,Aquatic
Phalacrocoracidae,Cormorants,,NA,Japanese Cormorant,Phalacrocorax capillatus,Coastal,LC,0,NA,TRUE,TRUE,0,0,0,0,2,1,1,1,2,0,0,0,0,0,0,East Asia-Australasia Flyway,Unknown,Phalacrocoracidae,Suliformes,AVIBASE-EF2F3A05,33.7,46.29,39.35,124.7960718,71833.77,Extant,4,1,2,1,4,77.2,59,13.9,19.1,63.8,314.5,122.5,192,39,142,2801.8,Dunning,NA,NO,NA,NA,Marine,3,1,Carnivore,Aquatic predator,Aquatic
Phalacrocoracidae,Cormorants,,NA,Cape Cormorant,Phalacrocorax capensis,Coastal,EN,1,o,TRUE,TRUE,2,2,2,2,2,2,2,2,2,2,2,2,0,0,1,,NA,Phalacrocoracidae,Suliformes,AVIBASE-AE61BF48,-35.28,-16.17,-30,18.36967115,236166.74,Extant,5,2,3,0,4,56.9,47.9,9.4,13.1,59.5,252.8,99.3,152.2,39.5,98.6,1211.7,Dunning,NA,NO,NA,NA,Marine,3,1,Carnivore,Aquatic predator,Aquatic
Phalacrocoracidae,Cormorants,,NA,Socotra Cormorant,Phalacrocorax nigrogularis,Coastal,VU,0,NA,TRUE,TRUE,2,2,2,2,2,2,2,2,2,2,2,2,0,0,1,,NA,Phalacrocoracidae,Suliformes,AVIBASE-7947E603,11.56,28.05,20.52,52.76092972,172069.23,Extant,4,2,2,0,3,73.5,59.5,12.8,15.3,73.9,282.8,119.4,163.3,42.2,92,1560,Updated_literature,Cook et al. (2017),NO,NA,NA,Marine,3,1,Carnivore,Aquatic predator,Aquatic
Phalacrocoracidae,Cormorants,,NA,Bank Cormorant,Phalacrocorax neglectus,Coastal,EN,1,n,TRUE,TRUE,2,2,2,2,2,2,2,2,2,2,2,2,0,0,1,,NA,Phalacrocoracidae,Suliformes,AVIBASE-37D2AC51,-35.2,-22.43,-30.12,17.13007593,89535.8,Extant,4,2,2,0,4,67.4,47.8,8.3,12.8,60.6,261.2,90.8,170.5,34.8,111.2,1944.2,Dunning,NA,NO,NA,NA,Marine,3,1,Carnivore,Aquatic predator,Aquatic
Phalacrocoracidae,Cormorants,,NA,Indian Cormorant,Phalacrocorax fuscicollis,Coastal,LC,0,NA,TRUE,TRUE,1,1,1,2,0,0,2,1,1,1,1,1,0,0,0,,NA,Phalacrocoracidae,Suliformes,AVIBASE-2D189E70,5.92,32.59,19.8,81.96285836,1187570.01,Extant,5,2,3,0,4,59.8,46.1,8.8,11.6,47,263.2,99.8,160.8,38.3,136.6,706,Dunning,NA,NO,NA,NA,Wetland,3,1,Carnivore,Aquatic predator,Aquatic
Phalacrocoracidae,Cormorants,,NA,Little Black Cormorant,Phalacrocorax sulcirostris,Coastal,LC,0,NA,TRUE,TRUE,2,2,2,2,2,2,2,2,2,2,2,2,0,0,1,,NA,Phalacrocoracidae,Suliformes,AVIBASE-DA51102A,-46.07,2.65,-20.07,139.8671241,2431360.5,Extant,4,2,2,0,4,51.9,39.4,8.6,11.5,45.3,248.8,95,153.8,38.1,128.8,995,Dunning,NA,NO,NA,NA,Wetland,3,1,Carnivore,Aquatic predator,Aquatic
Phalacrocoracidae,Cormorants,,NA,Black-faced Cormorant,Phalacrocorax fuscescens,Coastal,LC,0,NA,TRUE,TRUE,1,2,2,1,1,1,1,1,1,1,1,1,0,0,1,,NA,Phalacrocoracidae,Suliformes,AVIBASE-100C8781,-43.64,-31.77,-37.4,141.3844969,203014.55,Extant,4,1,2,1,4,59.7,47.7,10.3,13.2,61.3,263.8,90,173.8,34.1,101.5,1515,Dunning,NA,NO,NA,NA,Marine,3,1,Carnivore,Aquatic predator,Aquatic
Phalacrocoracidae,Cormorants,,NA,Great Pied Cormorant,Phalacrocorax varius,Coastal,LC,0,NA,TRUE,TRUE,2,2,2,2,2,2,2,2,2,2,2,2,0,0,1,,NA,Phalacrocoracidae,Suliformes,AVIBASE-E5FAABD0,-52.61,-9.94,-26.35,140.8015899,4379236.12,Extant,5,1,0,4,4,75.1,56.5,12.7,17.5,63.8,295.4,110.8,181.8,37.8,136.2,1940.7,Dunning,NA,NO,NA,NA,Coastal,3,1,Carnivore,Aquatic predator,Aquatic
Phalacrocoracidae,Cormorants,,NA,Spotted Shag,Phalacrocorax punctatus,Coastal,LC,1,n,TRUE,TRUE,1,1,1,2,0,0,0,2,1,1,1,1,0,0,0,,NA,Phalacrocoracidae,Suliformes,AVIBASE-CB10D093,-47.42,-35.56,-42.7,171.6800314,85166.45,Extant,5,1,4,0,4,67.1,49.5,8.4,10.3,62.6,241.2,83.3,155.9,34.8,92,1184.7,Dunning,NA,NO,NA,NA,Marine,3,1,Carnivore,Aquatic predator,Aquatic
Phalacrocoracidae,Cormorants,,NA,Pitt Island Shag,Phalacrocorax featherstoni,Coastal,EN,0,NA,TRUE,TRUE,1,1,2,0,0,0,0,2,1,1,1,1,0,0,0,,NA,Phalacrocoracidae,Suliformes,AVIBASE-5B0295B2,-44.67,-43.34,-43.97,-176.401499,11945.38,Extant,4,2,1,1,2,54.8,41.9,8.9,9.6,54.3,218.5,80,140.1,36.4,90.8,1041.9,Dunning,NA,NO,NA,NA,Marine,3,2,Carnivore,Aquatic predator,Aquatic
Chionidae,Sheathbills,NA,NA,Snowy Sheathbill,Chionis albus,Coastal,LC,0,NA,TRUE,TRUE,1,1,2,0,0,0,0,0,0,0,2,1,0,0,0,,NA,Chionidae,Charadriiformes,AVIBASE-62AC9C19,-66.21,-53.97,-63.28,-58.18024332,30472.35,Extant,5,2,3,0,4,32.7,21.9,10,17.2,46.5,246.2,98.4,146.6,40.1,103,675.7,Dunning,NA,NO,NA,NA,Marine,3,3,Omnivore,Omnivore,Terrestrial
Chionidae,Sheathbills,NA,NA,Black-faced Sheathbill,Chionis minor,Coastal,LC,0,NA,TRUE,TRUE,1,1,1,2,0,0,0,0,0,2,1,1,0,0,0,,NA,Chionidae,Charadriiformes,AVIBASE-7C15B681,-53.19,-45.97,-49.28,67.76398714,8219.09,Extant,5,3,2,0,4,33.5,22.6,8.7,14.6,45.4,227,81.1,145.2,35.9,105.8,494,Dunning,NA,NO,NA,NA,Marine,3,2,Omnivore,Omnivore,Terrestrial
Laridae,"Gulls, Terns, Skimmers",Anoinae,NA,Brown Noddy,Anous stolidus,Coastal,LC,0,NA,TRUE,TRUE,2,2,2,2,1,1,1,1,1,1,1,2,0,1,1,,NA,Laridae,Charadriiformes,AVIBASE-A070171E,-41.4,29.11,-4.29,17.28750773,10192935.47,Extant,8,4,4,0,4,45.6,25.2,4.7,7.6,25.8,265.4,160.8,94.5,63,145.2,177.8,Dunning,NA,NO,NA,NA,Marine,3,2,Carnivore,Aquatic predator,Aerial
Laridae,"Gulls, Terns, Skimmers",Anoinae,NA,Lesser Noddy,Anous tenuirostris,Coastal,LC,0,NA,TRUE,TRUE,0,0,0,0,2,1,1,1,1,1,1,2,0,1,0,,NA,Laridae,Charadriiformes,AVIBASE-03F9EB15,-29.24,7.37,-4.3,74.54809891,177139.92,Extant,5,2,2,1,4,46.7,27.6,3.8,5.7,21.2,212,128.4,83.3,60.6,105.4,112,Dunning,NA,NO,NA,NA,Marine,3,2,Carnivore,Aquatic predator,Aerial
Laridae,"Gulls, Terns, Skimmers",Anoinae,NA,Black Noddy,Anous minutus,Coastal,LC,0,NA,TRUE,TRUE,0,0,0,2,1,1,1,1,1,1,2,0,0,0,0,,NA,Laridae,Charadriiformes,AVIBASE-C67DCF31,-32.52,29.34,-3.19,55.6549175,6602963.98,Extant,4,2,2,0,4,49.5,31.2,4.2,6.5,21.9,222,135.8,86.2,61.2,114,112.4,Dunning,NA,NO,NA,NA,Marine,3,2,Carnivore,Aquatic predator,Aerial
Laridae,"Gulls, Terns, Skimmers",Anoinae,NA,Blue Noddy,Anous ceruleus,Coastal,LC,0,NA,TRUE,TRUE,2,2,2,2,2,2,2,2,2,2,2,2,0,0,1,,NA,Laridae,Charadriiformes,AVIBASE-D021AB6A,NA,NA,NA,NA,NA,NA,5,1,0,4,4,27.7,16,2.7,4.3,22.9,175.8,102.3,71.2,59,92.4,53,Dunning,NA,NO,NA,NA,Marine,3,2,Carnivore,Aquatic predator,Aerial
Laridae,"Gulls, Terns, Skimmers",Anoinae,NA,Grey Noddy,Anous albivittus,Coastal,LC,0,NA,TRUE,TRUE,1,1,1,2,0,0,0,2,1,1,1,1,0,0,0,,NA,NA,NA,NA,NA,NA,NA,NA,NA,NA,NA,NA,NA,NA,NA,NA,NA,NA,NA,NA,NA,NA,NA,NA,NA,NA,NA,NA,NA,NA,NA,NA,NA,NA,NA,NA,NA
Laridae,"Gulls, Terns, Skimmers",Gyginae,NA,Atlantic White Tern,Gygis alba,Coastal,LC,0,NA,TRUE,TRUE,1,1,1,1,1,1,1,2,2,2,2,2,0,1,0,,NA,Laridae,Charadriiformes,AVIBASE-05C7074B,-30.76,28.67,-5.58,-7.043604557,1087691.59,Extant,8,5,3,0,8,44.4,27.9,3.7,6.2,12.1,233.4,153.2,80.1,65.5,90.2,117,Updated_literature,BoW,NO,NA,NA,Marine,3,2,Carnivore,Aquatic predator,Aerial
Laridae,"Gulls, Terns, Skimmers",Gyginae,NA,Common White Tern,Gygis candida,Coastal,LC,0,NA,TRUE,TRUE,1,1,1,1,1,1,1,2,2,2,2,2,0,0,0,,NA,NA,NA,NA,NA,NA,NA,NA,NA,NA,NA,NA,NA,NA,NA,NA,NA,NA,NA,NA,NA,NA,NA,NA,NA,NA,NA,NA,NA,NA,NA,NA,NA,NA,NA,NA,NA
Laridae,"Gulls, Terns, Skimmers",Gyginae,NA,Little White Tern,Gygis microrhyncha,Coastal,LC,0,NA,TRUE,TRUE,1,1,1,1,1,1,1,2,2,2,2,2,0,0,0,,NA,NA,NA,NA,-10.54,4.72,-5.63,-146.6139025,1686.62,Extant,4,3,1,0,4,39,24.4,3.1,5.4,10.4,215,137.2,77.8,63.8,76.8,117,DataFromSplit,NA,NO,NA,NA,NA,3,3,Carnivore,Aquatic predator,Aerial
Laridae,"Gulls, Terns, Skimmers",Rynchopinae,NA,Black Skimmer,Rynchops niger,Coastal,LC,1,n,TRUE,TRUE,0,0,0,0,0,2,1,1,2,0,0,0,1,0,0,,NA,Laridae,Charadriiformes,AVIBASE-88AB027C,-39.39,42.32,-10.31,-57.9481633,13769340.5,Extant,6,3,3,0,4,83.7,69.4,7.4,25.1,32.3,365.7,246.5,119.2,67.4,130.5,297.7,Dunning,NA,NO,NA,NA,Riverine,3,2,Carnivore,Aquatic predator,Aerial
Laridae,"Gulls, Terns, Skimmers",Rynchopinae,NA,African Skimmer,Rynchops flavirostris,Coastal,LC,0,NA,TRUE,TRUE,0,0,2,1,1,1,1,1,1,1,2,0,0,0,0,,NA,Laridae,Charadriiformes,AVIBASE-907B1140,-26.54,24.44,-3.11,22.60334907,9718531.11,Extant,4,2,2,0,4,83.7,66.1,6.1,20.8,27.6,332,216.8,115.2,65.2,109.5,164,Dunning,NA,NO,NA,NA,Wetland,3,2,Carnivore,Aquatic predator,Aerial
Laridae,"Gulls, Terns, Skimmers",Rynchopinae,NA,Indian Skimmer,Rynchops albicollis,Coastal,EN,0,NA,TRUE,TRUE,0,2,1,1,1,2,0,0,0,0,0,0,0,0,0,,NA,Laridae,Charadriiformes,AVIBASE-88151F23,11.02,35.17,26.11,80.02571296,1179458.68,Extant,4,2,2,0,4,84.9,66.6,6.3,21.9,26,371.8,257.8,114,69.3,108.5,164,Inferred,NA,YES,Body Mass,Rynchops flavirostris,Riverine,3,2,Carnivore,Aquatic predator,Aerial
Laridae,"Gulls, Terns, Skimmers",Larinae,NA,Saunders's Gull,Saundersilarus saundersi,Coastal,VU,0,NA,TRUE,TRUE,0,0,2,1,1,2,0,0,0,0,0,0,0,0,0,East Asia-Australasia Flyway,Decreasing,Laridae,Charadriiformes,AVIBASE-88BBD516,NA,NA,NA,NA,NA,NA,5,2,3,0,4,33.3,15.3,4.4,9.3,38.9,274.2,164.5,105.8,60.9,95.6,198,Dunning,NA,NO,NA,NA,Coastal,3,3,Carnivore,Aquatic predator,Generalist
Laridae,"Gulls, Terns, Skimmers",Larinae,NA,Little Gull,Hydrocoloeus minutus,Coastal,LC,1,o,TRUE,TRUE,0,0,0,0,0,2,1,2,0,0,0,0,0,0,0,"African_Eurasian Flyway,Americas Flyway,East Asia-Australasia Flyway",Increasing,Laridae,Charadriiformes,AVIBASE-F89FD6E3,NA,NA,NA,NA,NA,NA,8,4,4,0,4,26.6,12.9,3,5.3,25.9,218.9,126.6,92.3,57.9,88.8,118,Dunning,NA,NO,NA,NA,Coastal,3,2,Carnivore,Aquatic predator,Generalist
Laridae,"Gulls, Terns, Skimmers",Larinae,NA,Ross's Gull,Rhodostethia rosea,Coastal,LC,0,NA,TRUE,TRUE,0,0,0,0,2,1,2,0,0,0,0,0,0,1,0,,NA,Laridae,Charadriiformes,AVIBASE-4CD353D2,58.33,83.52,73.42,52.59473293,1043162.18,Extant,5,2,3,0,4,25.8,10.3,3.6,5.9,29.8,251.2,152.2,100.5,60.1,107.4,187,Dunning,NA,NO,NA,NA,Coastal,3,2,Carnivore,Aquatic predator,Aerial
Laridae,"Gulls, Terns, Skimmers",Larinae,NA,Swallow-tailed Gull,Creagrus furcatus,Coastal,LC,0,NA,TRUE,TRUE,2,2,2,2,2,2,2,2,2,2,2,2,0,0,1,"Americas Flyway,Central and Eastern Pacific Flyway",Unknown,Laridae,Charadriiformes,AVIBASE-07357A25,-1.73,4.46,0.17,-89.86856246,87375.37,Extant,4,2,2,0,4,62.2,26.7,6.2,12.9,51.5,409,243.8,165.2,59.6,183.5,687,Dunning,NA,NO,NA,NA,Marine,3,1,Carnivore,Aquatic predator,Generalist
Laridae,"Gulls, Terns, Skimmers",Larinae,NA,Sabine's Gull,Xema sabini,Coastal,LC,1,n,TRUE,TRUE,0,0,0,0,2,1,1,2,0,0,0,0,1,1,0,"Atlantic Flyway,Central and Eastern Pacific Flyway",Stable,Laridae,Charadriiformes,AVIBASE-86182656,62.96,81.85,72.31,80.63695629,563350.81,Extant,7,3,4,0,4,32.1,13.4,4.4,7.7,33.3,265,156.8,107.2,59.4,114.4,198,Dunning,NA,NO,NA,NA,Marine,3,2,Carnivore,Aquatic predator,Generalist
Laridae,"Gulls, Terns, Skimmers",Larinae,NA,Ivory Gull,Pagophila eburnea,Coastal,NT,1,o,TRUE,TRUE,0,0,0,2,1,1,2,0,0,0,0,0,1,1,0,,NA,Laridae,Charadriiformes,AVIBASE-FED91A1F,50.73,84.11,74.49,-22.40533991,17367390.8,Extant,5,2,2,1,4,45.1,16.5,6.6,11.6,38.7,333.4,201.8,129.2,61,137,550,Dunning,NA,NO,NA,NA,Marine,3,2,Carnivore,Aquatic predator,Aerial
Laridae,"Gulls, Terns, Skimmers",Larinae,NA,Red-legged Kittiwake,Rissa brevirostris,Coastal,VU,0,NA,TRUE,TRUE,0,0,0,0,0,2,1,1,1,2,0,0,0,0,0,Central and Eastern Pacific Flyway,Decreasing,Laridae,Charadriiformes,AVIBASE-58B576ED,51.77,61.8,55.95,-43.45221395,192125.06,Extant,5,2,3,0,4,38.2,13.8,5.2,10.8,30,299.8,185.2,112.8,62.2,112.8,377,Dunning,NA,NO,NA,NA,Marine,3,2,Carnivore,Aquatic predator,Aerial
Laridae,"Gulls, Terns, Skimmers",Larinae,NA,Black-legged Kittiwake,Rissa tridactyla,Coastal,VU,1,n,TRUE,TRUE,0,0,0,2,1,1,1,2,0,0,0,0,1,1,0,"Atlantic Flyway,Central and Eastern Pacific Flyway",Decreasing,Laridae,Charadriiformes,AVIBASE-FB4D08F0,43.09,81.83,59.56,-52.28149527,2307068.48,Extant,10,4,5,1,4,44.5,18.8,5.3,10.8,33.9,301,179.1,122.9,59.4,116,416,Dunning,NA,NO,NA,NA,Marine,3,2,Carnivore,Aquatic predator,Aerial
Laridae,"Gulls, Terns, Skimmers",Larinae,NA,Bonaparte's Gull,Larus philadelphia,Coastal,LC,1,n,TRUE,TRUE,0,0,0,0,0,2,2,0,0,0,0,0,0,0,0,Americas Flyway,Increasing,NA,NA,NA,47.93,68.6,58.97,-118.9828165,4415568.74,Extant,5,2,2,1,4,35,16.2,3.6,6.6,32.3,259.4,153.2,106.5,59,95.6,210.71,Dunning,NA,NO,NA,NA,Wetland,3,2,Carnivore,Omnivore,Aerial
Laridae,"Gulls, Terns, Skimmers",Larinae,NA,Slender-billed Gull,Larus genei,Coastal,LC,1,n,TRUE,TRUE,0,0,2,1,1,1,2,0,0,0,0,0,0,1,0,African_Eurasian Flyway,Unknown,NA,NA,NA,13,52.64,41.71,54.11954871,1728211.09,Extant,6,3,2,1,4,52.1,23.2,5,9.4,49.4,300.8,171.5,130,56.9,110.2,281,Dunning,NA,NO,NA,NA,Coastal,3,2,Carnivore,Aquatic predator,Generalist
Laridae,"Gulls, Terns, Skimmers",Larinae,NA,Brown-headed Gull,Larus brunnicephalus,Coastal,LC,1,n,TRUE,TRUE,0,0,0,0,2,1,2,0,0,0,0,0,0,0,0,"Central Asia Flyway,East Asia-Australasia Flyway",Stable,NA,NA,NA,31.25,41.84,36.07,79.58964454,661092.89,Extant,9,6,3,0,8,47.4,18.5,5.6,11.1,49.5,333.9,149.8,183.1,44.9,125.7,569.29,Dunning,NA,NO,NA,NA,Wetland,3,1,Carnivore,Aquatic predator,Generalist
Laridae,"Gulls, Terns, Skimmers",Larinae,NA,Black-headed Gull,Larus ridibundus,Coastal,LC,1,o,TRUE,TRUE,0,2,1,1,1,1,2,0,0,0,0,0,0,0,0,"African_Eurasian Flyway,Americas Flyway,Central Asia Flyway,East Asia-Australasia Flyway",Unknown,NA,NA,NA,36.49,71.19,55.04,75.03002975,17767358.5,Extant,14,6,8,0,4,43.4,16.3,4,7.9,41.4,291.2,169.9,120.2,58.6,109.8,284,Dunning,NA,NO,NA,NA,Wetland,3,2,Carnivore,Aquatic predator,Generalist
Laridae,"Gulls, Terns, Skimmers",Larinae,NA,Andean Gull,Larus serranus,Coastal,LC,0,NA,TRUE,TRUE,0,0,0,0,0,0,2,1,1,2,0,0,0,0,0,,NA,NA,NA,NA,-40.66,0.45,-20.26,-70.26435303,984576.34,Extant,5,2,3,0,4,41.9,17.4,5.3,9.7,52.9,352.8,185.8,164.5,53,140,478,Dunning,NA,NO,NA,NA,Wetland,3,1,Carnivore,Aquatic predator,Generalist
Laridae,"Gulls, Terns, Skimmers",Larinae,NA,Brown-hooded Gull,Larus maculipennis,Coastal,LC,1,n,TRUE,TRUE,1,1,2,0,0,0,0,0,0,2,1,1,0,0,0,Americas Flyway,Increasing,NA,NA,NA,-55.98,-28.77,-40.29,-66.11448112,2149631.88,Extant,5,2,3,0,4,41.4,16.6,4.7,8.9,43.8,291.2,159,129.2,55.1,108.2,339,Dunning,NA,NO,NA,NA,Wetland,3,1,Carnivore,Omnivore,Generalist
Laridae,"Gulls, Terns, Skimmers",Larinae,NA,Hartlaub's Gull,Larus hartlaubii,Coastal,LC,1,o,TRUE,TRUE,1,1,1,1,1,2,0,0,2,1,1,1,0,0,0,,NA,NA,NA,NA,-34.84,-22.83,-29.68,17.14129433,69935.23,Extant,4,2,2,0,4,39.5,16.3,4.8,8.9,41.1,269.8,146,123.8,54.1,97.8,292,Dunning,NA,NO,NA,NA,Coastal,3,1,Carnivore,Aquatic predator,Generalist
Laridae,"Gulls, Terns, Skimmers",Larinae,NA,Grey-headed Gull,Larus cirrocephalus,Coastal,LC,1,o,TRUE,TRUE,0,0,0,2,1,1,2,0,0,0,0,0,0,0,0,,NA,NA,NA,NA,-39.24,23.17,-17.4,11.27885296,6411818.5,Extant,5,2,3,0,4,47.5,18.2,5.1,10.2,49.5,319,176.2,140.5,55.6,124.6,374.69,Dunning,NA,NO,NA,NA,Wetland,3,1,Carnivore,Aquatic predator,Aerial
Laridae,"Gulls, Terns, Skimmers",Larinae,NA,Silver Gull,Larus novaehollandiae,Coastal,LC,1,n,TRUE,TRUE,0,0,2,1,1,1,1,1,1,1,1,2,0,0,0,,NA,NA,NA,NA,-44.98,-9.91,-29.1,136.8576866,3365766.79,Extant,5,2,1,2,4,43,19.3,5.4,11,47.5,289.8,153.8,136.2,53,109.4,268.99,Dunning,NA,NO,NA,NA,Coastal,3,1,Carnivore,Omnivore,Generalist
Laridae,"Gulls, Terns, Skimmers",Larinae,NA,Black-billed Gull,Larus bulleri,Coastal,NT,0,NA,TRUE,TRUE,1,2,0,0,0,0,0,2,1,1,1,1,0,0,0,,NA,NA,NA,NA,-46.38,-36.21,-42.4,172.5952931,8688.09,Extant,4,2,1,1,4,41.5,18.4,4.2,7.9,37.5,287.5,165.2,122.2,57.5,93,230.16,Dunning,NA,NO,NA,NA,Riverine,3,1,Carnivore,Aquatic predator,Generalist
Laridae,"Gulls, Terns, Skimmers",Larinae,NA,Grey Gull,Larus modestus,Coastal,LC,1,n,TRUE,TRUE,1,1,2,0,0,0,0,2,1,1,1,0,0,0,0,Americas Flyway,Decreasing,NA,NA,NA,-26.92,-18.63,-22.95,-69.8735041,83704.77,Extant,4,2,2,0,4,50.7,19.8,5.1,10.4,46.8,318,176.5,141.5,55.5,116.8,344,Dunning,NA,NO,NA,NA,Marine,3,2,Carnivore,Aquatic predator,Generalist
Laridae,"Gulls, Terns, Skimmers",Larinae,NA,Dolphin Gull,Larus scoresbii,Coastal,LC,0,NA,TRUE,TRUE,1,2,0,0,0,0,0,0,2,1,1,1,0,0,0,Americas Flyway,Stable,NA,NA,NA,NA,NA,NA,NA,NA,NA,NA,NA,NA,NA,NA,NA,NA,NA,NA,NA,NA,NA,NA,NA,NA,NA,NA,NA,NA,NA,NA,NA,NA,NA,NA,NA,NA
Laridae,"Gulls, Terns, Skimmers",Larinae,NA,Franklin's Gull,Larus pipixcan,Coastal,LC,1,n,TRUE,TRUE,0,0,0,2,1,1,1,1,2,0,0,0,0,0,0,Americas Flyway,Increasing,NA,NA,NA,39.05,59.36,52.2,-107.2468151,1433191.74,Extant,5,2,3,0,4,39.8,15,4.6,8.6,39.9,279.4,154.5,123,55.6,95.2,280,Dunning,NA,NO,NA,NA,Coastal,3,3,Omnivore,Omnivore,Generalist
Laridae,"Gulls, Terns, Skimmers",Larinae,NA,Laughing Gull,Larus atricilla,Coastal,LC,1,n,TRUE,TRUE,0,0,0,2,1,1,1,2,0,0,0,0,0,0,0,Americas Flyway,Increasing,NA,NA,NA,4.51,49.01,28.53,-82.49246635,1565115.04,Extant,5,2,3,0,4,44.1,17.1,5.1,10.2,44.8,298.4,166.5,123.2,57.3,111.8,307.41,Dunning,NA,NO,NA,NA,Marine,3,2,Carnivore,Aquatic predator,Aerial
Laridae,"Gulls, Terns, Skimmers",Larinae,NA,Lava Gull,Larus fuliginosus,Coastal,VU,0,NA,TRUE,TRUE,2,2,2,2,2,2,2,2,2,2,2,2,0,0,1,,NA,NA,NA,NA,-1.41,0.65,-0.57,-90.89744259,2591.47,Extant,5,2,3,0,4,48.5,19.8,6.9,13.2,51.2,341,185.5,156.2,54.3,139,380,Dunning,NA,NO,NA,NA,Coastal,3,1,Omnivore,Omnivore,Aerial
Laridae,"Gulls, Terns, Skimmers",Larinae,NA,Pallas's Gull,Larus ichthyaetus,Coastal,LC,1,o,TRUE,TRUE,0,0,2,1,2,0,0,0,0,0,0,0,0,0,0,"African_Eurasian Flyway,Central Asia Flyway",Increasing,NA,NA,NA,41.47,53.6,48.59,67.41316864,739530.35,Extant,5,2,3,0,4,73,27.4,8.9,19.5,71.5,470.8,255.2,210.2,54.7,172.8,1378.84,Dunning,NA,NO,NA,NA,Coastal,3,3,Omnivore,Omnivore,Generalist
Laridae,"Gulls, Terns, Skimmers",Larinae,NA,Relict Gull,Larus relictus,Coastal,VU,0,NA,TRUE,TRUE,0,0,0,2,1,1,2,0,0,0,0,0,0,0,0,,NA,NA,NA,NA,40.08,50.69,47.08,99.19125211,1411880.5,Extant,8,4,4,0,8,47.5,17.6,6.4,11.2,54.7,335.2,164,171.2,48.9,128.8,490.2,Dunning,NA,NO,NA,NA,Wetland,3,3,Carnivore,Aquatic predator,Aerial
Laridae,"Gulls, Terns, Skimmers",Larinae,NA,Mediterranean Gull,Larus melanocephalus,Coastal,LC,1,n,TRUE,TRUE,0,0,0,2,1,1,1,2,0,0,0,0,0,0,0,African_Eurasian Flyway,Decreasing,NA,NA,NA,35.17,56.28,45.17,26.19852598,250526.34,Extant,5,2,3,0,4,42.2,17,5.4,11.2,48.3,302.4,172.5,129.2,57.1,113.2,256,Dunning,NA,NO,NA,NA,Coastal,3,2,Carnivore,Omnivore,Generalist
Laridae,"Gulls, Terns, Skimmers",Larinae,NA,Sooty Gull,Larus hemprichii,Coastal,LC,0,NA,TRUE,TRUE,0,0,0,0,0,2,1,1,1,1,2,0,0,0,0,,NA,NA,NA,NA,-6.48,28.12,18.3,47.6299373,157820.35,Extant,6,3,2,1,4,55.7,21.8,6.5,12.9,50.7,340.8,197.5,139.5,58.6,122.7,451.66,Dunning,NA,NO,NA,NA,Marine,3,1,Omnivore,Omnivore,Terrestrial
Laridae,"Gulls, Terns, Skimmers",Larinae,NA,White-eyed Gull,Larus leucophthalmus,Coastal,LC,0,NA,TRUE,TRUE,0,0,0,0,0,2,1,1,2,0,0,0,0,0,0,,NA,NA,NA,NA,10.99,28.01,16.89,40.53084895,1402.69,Extant,5,2,3,0,4,52.5,20.8,4.9,10.2,44.5,322.2,187.8,133,58.5,115.6,328.89,Dunning,NA,NO,NA,NA,Coastal,3,1,Carnivore,Aquatic predator,Generalist
Laridae,"Gulls, Terns, Skimmers",Larinae,NA,Audouin's Gull,Larus audouinii,Coastal,VU,1,n,TRUE,TRUE,0,2,1,1,1,1,1,2,0,0,0,0,0,1,0,African_Eurasian Flyway,Decreasing,NA,NA,NA,35,43.23,37.53,5.501639979,22485.41,Extant,5,3,2,0,4,57.1,25,6.8,14.8,53.7,394.4,236.2,157.8,60,150.8,534.99,Dunning,NA,NO,NA,NA,Marine,3,2,Carnivore,Aquatic predator,Aerial
Laridae,"Gulls, Terns, Skimmers",Larinae,NA,Heermann's Gull,Larus heermanni,Coastal,NT,0,NA,TRUE,TRUE,0,2,1,1,1,1,2,0,0,0,0,0,0,0,0,Americas Flyway,Unknown,Laridae,Charadriiformes,AVIBASE-6996D540,20.29,36.98,27.49,-114.1605889,842438.69,Extant,4,2,2,0,4,56.3,18,6,12.2,51.6,336.2,185.8,150.5,55.2,133.2,500,Dunning,NA,NO,NA,NA,Coastal,3,1,Carnivore,Aquatic predator,Aerial
Laridae,"Gulls, Terns, Skimmers",Larinae,NA,Pacific Gull,Larus pacificus,Coastal,LC,0,NA,TRUE,TRUE,2,0,0,0,0,0,0,0,2,1,1,1,0,0,0,,NA,Laridae,Charadriiformes,AVIBASE-C08157E7,-43.64,-21.62,-35.11,134.2781034,392125.03,Extant,5,1,1,3,4,67.6,26.4,10.3,29.7,71.2,444.2,242.5,203.5,54.4,177.2,1292,Dunning,NA,NO,NA,NA,Coastal,3,2,Carnivore,Aquatic predator,Generalist
Laridae,"Gulls, Terns, Skimmers",Larinae,NA,Black-tailed Gull,Larus crassirostris,Coastal,LC,1,n,TRUE,TRUE,0,0,0,2,1,1,1,1,2,0,0,0,0,0,0,East Asia-Australasia Flyway,Stable,Laridae,Charadriiformes,AVIBASE-8C4CE60F,24.09,54.42,40.37,131.7202846,187875.39,Extant,5,3,2,0,4,58.7,21.8,6.5,14.5,53.4,364.2,217.2,149.8,59.1,135.4,561,Dunning,NA,NO,NA,NA,Coastal,3,2,Carnivore,Aquatic predator,Aerial
Laridae,"Gulls, Terns, Skimmers",Larinae,NA,Belcher's Gull,Larus belcheri,Coastal,LC,1,n,TRUE,TRUE,1,2,0,0,0,0,0,0,0,0,2,1,0,1,0,,NA,Laridae,Charadriiformes,AVIBASE-2864A5B0,-30.1,-4.53,-17.15,-74.51401011,327397.09,Extant,4,1,2,1,4,58.7,21.6,8,16,61.2,365.2,190.8,174.5,52.2,135.5,638.6,Dunning,NA,NO,NA,NA,Marine,3,2,Carnivore,Aquatic predator,Generalist
Laridae,"Gulls, Terns, Skimmers",Larinae,NA,Olrog's Gull,Larus atlanticus,Coastal,NT,0,NA,TRUE,TRUE,2,0,0,0,0,0,0,2,1,1,1,1,0,0,0,Americas Flyway,Stable,Laridae,Charadriiformes,AVIBASE-E2967A3F,-45.19,-38.48,-41.31,-63.66412944,50264.27,Extant,4,2,2,0,4,54.1,22.1,7.8,17,53.6,391.5,210.8,180.7,53.8,141,842.4,Dunning,NA,NO,NA,NA,Coastal,3,2,Carnivore,Aquatic predator,Aerial
Laridae,"Gulls, Terns, Skimmers",Larinae,NA,Ring-billed Gull,Larus delawarensis,Coastal,LC,1,n,TRUE,TRUE,0,0,0,2,1,1,1,2,0,0,0,0,0,1,0,Americas Flyway,Increasing,Laridae,Charadriiformes,AVIBASE-23863F65,39.94,61.17,50.01,-101.0644977,5396423.36,Extant,5,2,2,1,4,48.1,19.6,6.2,13,51.2,366,205.5,160,56.2,133.2,516.3,Dunning,NA,NO,NA,NA,Coastal,3,2,Carnivore,Omnivore,Terrestrial
Laridae,"Gulls, Terns, Skimmers",Larinae,NA,Mew Gull,Larus canus,Coastal,LC,1,o,TRUE,TRUE,0,0,0,2,1,1,2,0,0,0,0,0,0,0,0,"African_Eurasian Flyway,Americas Flyway,East Asia-Australasia Flyway",Unknown,Laridae,Charadriiformes,AVIBASE-00DA9D91,29.48,71.19,60.59,40.07722444,17992527.98,Extant,10,4,4,2,4,47.8,16.6,5.5,10.1,49.4,351,206.2,145.9,58.6,133.8,412.5,Dunning,NA,NO,NA,NA,Coastal,3,3,Carnivore,Omnivore,Terrestrial
Laridae,"Gulls, Terns, Skimmers",Larinae,NA,Yellow-footed Gull,Larus livens,Coastal,LC,0,NA,TRUE,TRUE,1,1,1,1,1,1,2,0,0,0,2,1,0,0,0,,NA,Laridae,Charadriiformes,AVIBASE-87E74BBF,24.13,31.6,28.5,-112.6305867,73971.57,Extant,4,2,2,0,3,70.4,27.1,9.8,19.2,66.8,403.5,187,225,45.7,151,1322,Dunning,NA,NO,NA,NA,Marine,3,2,Carnivore,Omnivore,Generalist
Laridae,"Gulls, Terns, Skimmers",Larinae,NA,Western Gull,Larus occidentalis,Coastal,LC,1,n,TRUE,TRUE,0,0,0,2,1,1,1,2,0,0,0,0,0,1,0,Americas Flyway,Increasing,Laridae,Charadriiformes,AVIBASE-575A3E3B,27.01,46.73,35.71,-120.0150244,91633.8,Extant,6,4,2,0,5,64.8,23.8,8.5,18.3,64.2,397.5,200.6,193,51,145.2,922.8,Dunning,NA,NO,NA,NA,Marine,3,2,Carnivore,Omnivore,Generalist
Laridae,"Gulls, Terns, Skimmers",Larinae,NA,California Gull,Larus californicus,Coastal,LC,1,n,TRUE,TRUE,0,0,0,2,1,1,1,2,0,0,0,0,0,0,0,Americas Flyway,Decreasing,Laridae,Charadriiformes,AVIBASE-7FCE8A43,37.92,64.01,52.58,-109.9958165,1997786.84,Extant,4,2,2,0,4,55.7,19.8,7,14.2,57,377,220.2,156.8,58.4,140,683.4,Dunning,NA,NO,NA,NA,Coastal,3,2,Omnivore,Omnivore,Terrestrial
Laridae,"Gulls, Terns, Skimmers",Larinae,NA,Kelp Gull,Larus dominicanus,Coastal,LC,1,n,TRUE,TRUE,2,0,0,0,0,0,0,0,2,1,1,1,0,0,0,,NA,Laridae,Charadriiformes,AVIBASE-E6536E4E,-75.76,-0.83,-37.5,-22.09555531,3780207.34,Extant,5,2,2,1,4,64.7,23.4,8.6,19.2,64.7,402,224,178.5,55.6,154.2,952.4,Dunning,NA,NO,NA,NA,Marine,3,1,Carnivore,Omnivore,Generalist
Laridae,"Gulls, Terns, Skimmers",Larinae,NA,Lesser Black-backed Gull,Larus fuscus,Coastal,LC,1,o,TRUE,TRUE,0,0,2,1,1,1,1,2,0,0,0,0,1,1,0,African_Eurasian Flyway,Increasing,Laridae,Charadriiformes,AVIBASE-2D52E3A5,38.68,77.89,66.29,57.43569288,4200335.24,Extant,10,4,5,1,4,62.3,23,7.9,15.8,61.5,412.2,235.5,174.5,57.4,147,762.4,Dunning,NA,NO,NA,NA,Coastal,3,2,Carnivore,Aquatic predator,Generalist
Laridae,"Gulls, Terns, Skimmers",Larinae,NA,European Herring Gull,Larus argentatus,Coastal,LC,1,o,TRUE,TRUE,0,0,2,1,1,2,0,0,0,0,0,0,1,1,0,"African_Eurasian Flyway,Americas Flyway,East Asia-Australasia Flyway",Decreasing,Laridae,Charadriiformes,AVIBASE-8535345B,34.39,77.08,60.56,-9.686839154,13888864.47,Extant,16,5,10,1,10,70.5,25.3,8.8,18.5,64.9,429,236.3,193.8,54.9,168.5,1091,Dunning,NA,NO,NA,NA,Coastal,3,2,Carnivore,Aquatic predator,Generalist
Laridae,"Gulls, Terns, Skimmers",Larinae,NA,Armenian Gull,Larus armenicus,Coastal,LC,1,o,TRUE,TRUE,0,0,0,2,1,1,1,2,0,0,0,0,1,0,0,,NA,Laridae,Charadriiformes,AVIBASE-F6951FF7,33.99,41.78,38.53,42.98744324,92321.08,Extant,4,2,2,0,4,63.4,23.8,8.2,17,66.1,430.2,234.8,195.5,54.5,160.8,867,Dunning,NA,NO,NA,NA,Wetland,3,3,Carnivore,Aquatic predator,Generalist
Laridae,"Gulls, Terns, Skimmers",Larinae,NA,Yellow-legged Gull,Larus michahellis,Coastal,LC,1,n,TRUE,TRUE,0,0,2,1,1,1,2,0,0,0,0,0,1,1,0,African_Eurasian Flyway,Increasing,Laridae,Charadriiformes,AVIBASE-E074D706,23.53,51.69,39.06,5.141917095,858974.47,Extant,4,1,3,0,4,67.6,25.4,8.6,18.2,66,422.8,231.2,191.5,54.6,163,1111.9,Dunning,NA,NO,NA,NA,Coastal,3,2,Carnivore,Aquatic predator,Generalist
Laridae,"Gulls, Terns, Skimmers",Larinae,NA,Caspian Gull,Larus cachinnans,Coastal,LC,1,n,TRUE,TRUE,0,0,2,1,1,2,0,0,0,0,0,0,1,0,0,"African_Eurasian Flyway,Central Asia Flyway",Increasing,Laridae,Charadriiformes,AVIBASE-93CA037F,39.62,51.93,46.47,53.41000279,1659661.38,Extant,4,2,2,0,4,65.2,24.3,8,16.5,66.9,427.2,241.2,186,56.5,161.8,1111.9,Dunning,NA,NO,NA,NA,Coastal,3,3,Carnivore,Omnivore,Generalist
Laridae,"Gulls, Terns, Skimmers",Larinae,NA,Arctic Herring Gull,Larus smithsonianus,Coastal,LC,1,n,TRUE,TRUE,0,0,2,1,1,1,1,1,2,0,0,0,1,1,0,"African_Eurasian Flyway,Americas Flyway,East Asia-Australasia Flyway",Decreasing,NA,NA,NA,NA,NA,NA,NA,NA,NA,NA,NA,NA,NA,NA,NA,NA,NA,NA,NA,NA,NA,NA,NA,NA,NA,NA,NA,NA,NA,NA,NA,NA,NA,NA,NA,NA
Laridae,"Gulls, Terns, Skimmers",Larinae,NA,Iceland Gull,Larus glaucoides,Coastal,LC,1,n,TRUE,TRUE,0,0,0,2,1,1,1,1,2,0,0,0,0,0,0,"African_Eurasian Flyway,Americas Flyway",Stable,Laridae,Charadriiformes,AVIBASE-FB4FCB27,59.78,81.38,70.86,-80.79701491,1459493.41,Extant,13,6,7,0,8,59,21.7,7.5,15.5,58.3,395.8,216.7,178.1,54.9,157.1,693.3,Dunning,NA,NO,NA,NA,Coastal,3,3,Carnivore,Aquatic predator,Generalist
Laridae,"Gulls, Terns, Skimmers",Larinae,NA,Slaty-backed Gull,Larus schistisagus,Coastal,LC,1,n,TRUE,TRUE,0,0,0,2,1,1,1,2,0,0,0,0,0,0,0,East Asia-Australasia Flyway,Unknown,Laridae,Charadriiformes,AVIBASE-456C7FAE,40.6,66.86,53.48,145.7523124,1114985.14,Extant,4,2,2,0,4,68.1,24.8,9.2,19.6,68.2,435,231,204,53.1,171.5,1323,Dunning,NA,NO,NA,NA,Coastal,3,2,Carnivore,Omnivore,Generalist
Laridae,"Gulls, Terns, Skimmers",Larinae,NA,Glaucous-winged Gull,Larus glaucescens,Coastal,LC,1,n,TRUE,TRUE,0,2,1,1,1,1,2,0,0,0,0,0,0,0,0,"Americas Flyway,East Asia-Australasia Flyway",Increasing,Laridae,Charadriiformes,AVIBASE-03AC32BA,45.49,65.31,58.07,-98.43179044,899194.26,Extant,4,2,2,0,4,69.8,25.2,9.2,19.7,65.2,411.8,218.2,193.5,53,166,1056.5,Dunning,NA,NO,NA,NA,Coastal,3,3,Carnivore,Aquatic predator,Generalist
Laridae,"Gulls, Terns, Skimmers",Larinae,NA,Glaucous Gull,Larus hyperboreus,Coastal,LC,1,n,TRUE,TRUE,0,0,0,2,1,1,1,1,2,0,0,0,1,0,0,"African_Eurasian Flyway,Americas Flyway,East Asia-Australasia Flyway",Stable,Laridae,Charadriiformes,AVIBASE-A59FA446,57.58,84.2,74.66,-40.85096455,2430897.95,Extant,8,4,4,0,4,76.5,28.2,11,22.4,71.2,463,240.9,223.7,51.8,188.2,1529,Dunning,NA,NO,NA,NA,Coastal,3,3,Carnivore,Omnivore,Generalist
Laridae,"Gulls, Terns, Skimmers",Larinae,NA,Great Black-backed Gull,Larus marinus,Coastal,LC,1,o,TRUE,TRUE,0,0,2,1,1,1,1,2,0,0,0,0,1,1,0,"African_Eurasian Flyway,Americas Flyway",Unknown,Laridae,Charadriiformes,AVIBASE-E826E9F3,27.94,79.87,60.23,-19.59328232,1075355.21,Extant,10,4,5,1,3,79.1,28,10.2,23.5,74.2,478.2,248.1,227.2,52.3,185.7,1649.7,Dunning,NA,NO,NA,NA,Coastal,3,2,Omnivore,Omnivore,Terrestrial
Laridae,"Gulls, Terns, Skimmers",Sterninae,NA,Aleutian Tern,Onychoprion aleuticus,Coastal,VU,0,NA,TRUE,TRUE,0,0,0,0,2,1,1,1,2,0,0,0,0,0,0,East Asia-Australasia Flyway,Decreasing,Laridae,Charadriiformes,AVIBASE-BEE4F34A,NA,NA,NA,NA,NA,NA,5,2,3,0,4,37.3,23.2,4.1,6.5,17.3,262.2,185,82,69.3,152.4,120,Dunning,NA,NO,NA,NA,Coastal,3,3,Carnivore,Aquatic predator,Aerial
Laridae,"Gulls, Terns, Skimmers",Sterninae,NA,Sooty Tern,Onychoprion fuscatus,Coastal,LC,0,NA,TRUE,TRUE,2,1,1,1,1,1,1,1,2,2,0,0,1,1,0,"Atlantic Flyway,Central and Eastern Pacific Flyway,East Indian Ocean Flyway,North Indian Ocean Flyway,Western Pacific Flyway",Unknown,Laridae,Charadriiformes,AVIBASE-3E7F825D,NA,NA,NA,NA,NA,NA,9,4,5,0,8,47.9,29.3,5.4,8.1,21,280.7,189.1,91.1,67.5,152.1,185.7,Dunning,NA,NO,NA,NA,Marine,3,2,Carnivore,Aquatic predator,Aerial
Laridae,"Gulls, Terns, Skimmers",Sterninae,NA,Bridled Tern,Onychoprion anaethetus,Coastal,LC,0,NA,TRUE,TRUE,2,0,0,2,2,2,2,2,2,2,2,2,0,0,0,,NA,Laridae,Charadriiformes,AVIBASE-E6518B9D,NA,NA,NA,NA,NA,NA,6,3,3,0,4,45.5,28.4,5.4,7.9,20.6,273.6,182,89,67.2,182.8,119.4,Dunning,NA,NO,NA,NA,Marine,3,2,Carnivore,Aquatic predator,Aerial
Laridae,"Gulls, Terns, Skimmers",Sterninae,NA,Grey-backed Tern,Onychoprion lunatus,Coastal,LC,0,NA,TRUE,TRUE,2,2,2,2,2,2,2,2,2,2,2,2,0,0,1,,NA,Laridae,Charadriiformes,AVIBASE-1A965D60,NA,NA,NA,NA,NA,NA,5,2,3,0,4,45.3,28.2,5.2,7.6,18.9,261.2,178,81.2,68.6,157.6,120,Updated_literature,BoW,NO,NA,NA,Marine,3,2,Carnivore,Aquatic predator,Aerial
Laridae,"Gulls, Terns, Skimmers",Sterninae,NA,Little Tern,Sternula albifrons,Coastal,LC,1,n,TRUE,TRUE,0,0,2,1,1,1,1,2,0,0,0,0,0,0,0,"African_Eurasian Flyway,East Asia-Australasia Flyway",Decreasing,Laridae,Charadriiformes,AVIBASE-17310BF0,NA,NA,NA,NA,NA,NA,5,3,2,0,4,33.5,22.9,3.2,5.8,15.4,169.6,117,50.5,69.8,80,57,Dunning,NA,NO,NA,NA,Coastal,3,3,Carnivore,Aquatic predator,Aerial
Laridae,"Gulls, Terns, Skimmers",Sterninae,NA,Saunders's Tern,Sternula saundersi,Coastal,LC,0,NA,TRUE,TRUE,0,0,0,2,1,1,2,0,0,0,0,0,0,0,0,"African_Eurasian Flyway,Central Asia Flyway",Decreasing,Laridae,Charadriiformes,AVIBASE-4B21F4D8,NA,NA,NA,NA,NA,NA,5,2,3,0,4,31.1,20.3,3.1,5.5,15.3,168,119.8,47.2,71.7,68.2,42.5,Updated_literature,BoW,NO,NA,NA,Coastal,3,2,Carnivore,Aquatic predator,Aerial
Laridae,"Gulls, Terns, Skimmers",Sterninae,NA,Least Tern,Sternula antillarum,Coastal,LC,0,NA,TRUE,TRUE,0,0,0,2,1,1,2,0,0,0,0,0,0,0,0,Americas Flyway,Decreasing,Laridae,Charadriiformes,AVIBASE-BE78E765,NA,NA,NA,NA,NA,NA,8,4,4,0,8,29.5,19.8,3.1,5.6,14.6,165.1,114.2,51,69.1,77.8,45.9,Dunning,NA,NO,NA,NA,Marine,3,3,Carnivore,Aquatic predator,Aerial
Laridae,"Gulls, Terns, Skimmers",Sterninae,NA,Yellow-billed Tern,Sternula superciliaris,Coastal,LC,0,NA,TRUE,TRUE,0,0,0,0,0,0,2,0,0,0,2,2,0,0,0,,NA,Laridae,Charadriiformes,AVIBASE-8B4BBC2A,NA,NA,NA,NA,NA,NA,5,3,2,0,4,38,22.9,4.3,6.6,16,169,109.2,59.8,64.7,61.7,46.4,Dunning,NA,NO,NA,NA,Riverine,3,1,Carnivore,Aquatic predator,Aerial
Laridae,"Gulls, Terns, Skimmers",Sterninae,NA,Peruvian Tern,Sternula lorata,Coastal,EN,0,NA,TRUE,TRUE,1,2,2,2,2,0,2,2,2,2,1,1,0,0,0,,NA,Laridae,Charadriiformes,AVIBASE-F9A32D38,NA,NA,NA,NA,NA,NA,4,2,2,0,4,34.7,22.3,2.9,5.1,13.7,173.5,118.6,54.9,68.4,73.8,53.8,Dunning,NA,NO,NA,NA,Coastal,3,2,Carnivore,Aquatic predator,Aerial
Laridae,"Gulls, Terns, Skimmers",Sterninae,NA,Fairy Tern,Sternula nereis,Coastal,VU,0,NA,TRUE,TRUE,2,0,0,0,0,2,2,2,1,1,2,2,0,0,0,,NA,Laridae,Charadriiformes,AVIBASE-67D8B0BA,NA,NA,NA,NA,NA,NA,5,3,1,1,4,35.3,23.5,3.5,6.5,15.1,178.2,126,54,70,80.6,72.3,Dunning,NA,NO,NA,NA,Coastal,3,2,Carnivore,Aquatic predator,Aerial
Laridae,"Gulls, Terns, Skimmers",Sterninae,NA,Damara Tern,Sternula balaenarum,Coastal,LC,0,NA,TRUE,TRUE,2,0,0,0,0,2,2,2,1,1,2,2,0,0,0,African_Eurasian Flyway,Decreasing,Laridae,Charadriiformes,AVIBASE-9F9A13D8,NA,NA,NA,NA,NA,NA,5,2,3,0,4,32.7,22.1,3.1,5.5,13.7,169.4,117.5,51.2,69.6,67,60,Dunning,NA,NO,NA,NA,Coastal,3,2,Carnivore,Aquatic predator,Aerial
Laridae,"Gulls, Terns, Skimmers",Sterninae,NA,Large-billed Tern,Phaetusa simplex,Coastal,LC,0,NA,TRUE,TRUE,0,0,0,0,2,2,0,2,2,2,2,2,0,0,0,,NA,Laridae,Charadriiformes,AVIBASE-C3C30D03,-35.49,12.63,-10.67,-57.29426137,13310337.49,Extant,5,1,1,3,4,72.1,44.8,8.7,14.5,24.6,291.6,163.8,125.7,56.6,106.6,235,Dunning,NA,NO,NA,NA,Riverine,3,2,Carnivore,Aquatic predator,Aerial
Laridae,"Gulls, Terns, Skimmers",Sterninae,NA,Common Gull-billed Tern,Gelochelidon nilotica,Coastal,LC,1,n,TRUE,TRUE,0,0,2,1,1,1,2,0,0,2,1,1,1,0,0,"African_Eurasian Flyway,Americas Flyway,Central Asia Flyway,East Asia-Australasia Flyway",Decreasing,Laridae,Charadriiformes,AVIBASE-441918B5,NA,NA,NA,NA,NA,NA,18,7,6,5,11,43.9,27.2,6.2,11.2,31.9,307.7,207.5,107.7,65.8,121.5,218.3,Dunning,NA,NO,NA,NA,Coastal,3,3,Carnivore,Omnivore,Aerial
Laridae,"Gulls, Terns, Skimmers",Sterninae,NA,Australian Gull-billed Tern,Gelochelidon macrotarsa,Coastal,LC,0,NA,TRUE,TRUE,1,1,1,1,2,0,0,0,2,1,1,1,0,0,0,"African_Eurasian Flyway,East Asia-Australasia Flyway",Unknown,NA,NA,NA,NA,NA,NA,NA,NA,NA,NA,NA,NA,NA,NA,NA,NA,NA,NA,NA,NA,NA,NA,NA,NA,NA,NA,NA,NA,NA,NA,NA,NA,NA,NA,NA,NA
Laridae,"Gulls, Terns, Skimmers",Sterninae,NA,Caspian Tern,Hydroprogne caspia,Coastal,LC,1,n,TRUE,TRUE,0,0,2,1,1,1,1,1,1,1,1,2,1,1,0,"African_Eurasian Flyway,Americas Flyway,Central Asia Flyway,East Asia-Australasia Flyway",Increasing,Laridae,Charadriiformes,AVIBASE-BC06BC0D,NA,NA,NA,NA,NA,NA,10,5,5,0,4,78.7,49.1,10.4,19.2,42.6,410.7,268.2,143.1,65.1,148.7,655,Dunning,NA,NO,NA,NA,Wetland,3,3,Carnivore,Aquatic predator,Aerial
Laridae,"Gulls, Terns, Skimmers",Sterninae,NA,Inca Tern,Larosterna inca,Coastal,NT,1,n,TRUE,TRUE,0,0,0,2,1,1,1,2,0,2,1,2,0,0,0,,NA,Laridae,Charadriiformes,AVIBASE-FF6C3B9C,-35.04,-5.94,-19.15,-74.68691691,476735.99,Extant,5,2,3,0,4,48.8,25.5,4.8,10.1,23.4,277.2,163.5,112.2,59.3,132.8,219,Dunning,NA,NO,NA,NA,Marine,3,2,Carnivore,Aquatic predator,Aerial
Laridae,"Gulls, Terns, Skimmers",Sterninae,NA,Roseate Tern,Sterna dougallii,Coastal,LC,1,n,TRUE,TRUE,0,0,0,2,1,1,1,1,1,2,0,0,1,1,0,"African_Eurasian Flyway,Americas Flyway,Central Asia Flyway,East Asia-Australasia Flyway",Unknown,Laridae,Charadriiformes,AVIBASE-74236837,-34.84,56.65,4.43,57.8165715,7673719.22,Extant,5,2,3,0,4,45.3,28.9,3.6,7,19.7,223.8,156,69.8,69.1,165.8,112,Dunning,NA,NO,NA,NA,Marine,3,3,Carnivore,Aquatic predator,Aerial
Laridae,"Gulls, Terns, Skimmers",Sterninae,NA,White-fronted Tern,Sterna striata,Coastal,NT,0,NA,TRUE,TRUE,1,1,2,0,0,0,0,0,0,2,1,1,0,0,0,East Asia-Australasia Flyway,Decreasing,Laridae,Charadriiformes,AVIBASE-E1F9123B,-47.29,-34.39,-40.54,169.307403,83485.48,Extant,5,2,2,1,4,51.3,33.1,4.1,7.7,20.9,273.8,188.5,84.5,69,170,129,Dunning,NA,NO,NA,NA,Coastal,3,2,Carnivore,Aquatic predator,Aerial
Laridae,"Gulls, Terns, Skimmers",Sterninae,NA,Black-naped Tern,Sterna sumatrana,Coastal,LC,0,NA,TRUE,TRUE,2,2,0,0,2,2,2,2,2,2,2,2,0,1,0,East Asia-Australasia Flyway,Unknown,Laridae,Charadriiformes,AVIBASE-9D6704AC,-28,30.11,-2.63,93.19587192,10103250.1,Extant,4,2,2,0,4,39.1,25,3.5,6,18.5,215.5,142,73.5,65.9,120.5,106,Dunning,NA,NO,NA,NA,Marine,3,2,Carnivore,Aquatic predator,Aerial
Laridae,"Gulls, Terns, Skimmers",Sterninae,NA,South American Tern,Sterna hirundinacea,Coastal,LC,1,n,TRUE,TRUE,1,1,1,1,1,1,1,2,0,0,2,1,0,0,0,Americas Flyway,Decreasing,Laridae,Charadriiformes,AVIBASE-ECAE1DA1,-56.59,-15.19,-41.04,-64.87670018,1375360.34,Extant,5,2,3,0,4,49.9,29.8,4.4,8.7,21.5,296.6,202.8,93.2,68.4,171.6,188,Dunning,NA,NO,NA,NA,Marine,3,3,Carnivore,Aquatic predator,Aerial
Laridae,"Gulls, Terns, Skimmers",Sterninae,NA,Common Tern,Sterna hirundo,Coastal,LC,1,o,TRUE,TRUE,0,0,0,2,1,1,1,1,1,2,0,0,1,1,0,"African_Eurasian Flyway,Americas Flyway,Central Asia Flyway,East Asia-Australasia Flyway",Unknown,Laridae,Charadriiformes,AVIBASE-4D2FF6F1,4.3,71.19,50.38,63.43853006,30248469.5,Extant,14,7,6,1,8,44.5,24.2,3.8,7,19.5,253.3,170.6,82.6,67.3,129.8,129.2,Dunning,NA,NO,NA,NA,Marine,3,3,Carnivore,Aquatic predator,Aerial
Laridae,"Gulls, Terns, Skimmers",Sterninae,NA,White-cheeked Tern,Sterna repressa,Coastal,LC,0,NA,TRUE,TRUE,0,0,0,0,2,2,2,2,2,0,0,0,0,0,0,Central Asia Flyway,Decreasing,Laridae,Charadriiformes,AVIBASE-CF5C013D,-2.4,30.65,18.35,45.25818784,797048.79,Extant,5,2,3,0,4,40.6,25.5,3.8,6.4,18.2,241.4,166.2,74.8,69,136,90,Dunning,NA,NO,NA,NA,Coastal,3,2,Carnivore,Aquatic predator,Aerial
Laridae,"Gulls, Terns, Skimmers",Sterninae,NA,Arctic Tern,Sterna paradisaea,Coastal,LC,1,n,TRUE,TRUE,0,0,0,0,2,1,1,1,2,0,0,0,1,1,0,"Atlantic Flyway,Central and Eastern Pacific Flyway,East Indian Ocean Flyway,Southern Ocean Flyway",Decreasing,Laridae,Charadriiformes,AVIBASE-BDC5CF80,41.24,83.11,67.21,-35.31719351,10398468.44,Extant,9,4,5,0,4,37.8,22.8,3.8,7,16.1,262.7,181.1,80.9,69.1,179.6,110,Dunning,NA,NO,NA,NA,Coastal,3,3,Carnivore,Aquatic predator,Aerial
Laridae,"Gulls, Terns, Skimmers",Sterninae,NA,Antarctic Tern,Sterna vittata,Coastal,LC,0,NA,TRUE,TRUE,2,2,2,0,0,0,0,0,0,2,2,1,0,0,0,,NA,Laridae,Charadriiformes,AVIBASE-E9C409B5,-67.31,-35.61,-53.86,24.30961458,2102848.54,Extant,5,1,2,2,4,38.9,22.8,4.2,7.4,17.7,260,178.5,84,68,133.2,139,Dunning,NA,NO,NA,NA,Marine,3,3,Carnivore,Aquatic predator,Aerial
Laridae,"Gulls, Terns, Skimmers",Sterninae,NA,Kerguelen Tern,Sterna virgata,Coastal,NT,0,NA,TRUE,TRUE,1,1,2,0,0,0,0,0,2,1,1,1,0,0,0,,NA,Laridae,Charadriiformes,AVIBASE-754993F1,-49.74,-45.97,-49.08,67.43557688,7757.79,Extant,5,0,1,4,4,33.1,17.2,3.9,6.5,17.6,249.8,171,77.2,68.8,124.4,126,Dunning,NA,NO,NA,NA,Marine,3,2,Carnivore,Aquatic predator,Aerial
Laridae,"Gulls, Terns, Skimmers",Sterninae,NA,Forster's Tern,Sterna forsteri,Coastal,LC,1,n,TRUE,TRUE,0,0,0,2,1,1,1,2,0,0,0,0,0,0,0,Americas Flyway,Increasing,Laridae,Charadriiformes,AVIBASE-D13B9122,25.88,55.17,46.22,-104.4955852,1801878.95,Extant,5,2,3,0,4,45.3,28,4.9,8.8,24.3,252.6,173.5,79,68.7,131.4,149,Dunning,NA,NO,NA,NA,Wetland,3,3,Carnivore,Aquatic predator,Aerial
Laridae,"Gulls, Terns, Skimmers",Sterninae,NA,Snowy-crowned Tern,Sterna trudeaui,Coastal,LC,0,NA,TRUE,TRUE,2,0,0,0,0,0,0,0,2,2,2,2,0,0,0,Americas Flyway,Stable,Laridae,Charadriiformes,AVIBASE-98FBF9CA,-43.6,-22.55,-34.16,-60.30038248,539946.35,Extant,5,2,3,0,4,47.8,29.8,5,8.4,24,256.2,180.8,77,70.1,132.6,153,Dunning,NA,NO,NA,NA,Wetland,3,2,Carnivore,Aquatic predator,Aerial
Laridae,"Gulls, Terns, Skimmers",Sterninae,NA,Black-bellied Tern,Sterna acuticauda,Coastal,EN,0,NA,TRUE,TRUE,0,2,1,1,2,0,0,0,0,0,0,0,0,0,0,,NA,Laridae,Charadriiformes,AVIBASE-807E1277,8.07,32.44,21.61,79.58724809,2474259.32,Extant,6,2,4,0,4,40.7,27,4.2,6.8,14.1,223.8,153.8,74.2,67.4,145.5,153,Inferred,NA,YES,Body Mass,Sterna trudeaui,Riverine,3,2,Carnivore,Aquatic predator,Aerial
Laridae,"Gulls, Terns, Skimmers",Sterninae,NA,Lesser Crested Tern,Thalasseus bengalensis,Coastal,LC,0,NA,TRUE,TRUE,0,0,2,2,2,2,2,2,2,2,2,2,0,0,0,"African_Eurasian Flyway,Central Asia Flyway,East Asia-Australasia Flyway",Stable,Laridae,Charadriiformes,AVIBASE-D01CDECD,NA,NA,NA,NA,NA,NA,5,2,3,0,4,58.5,39.4,5.8,9.8,24.5,293.2,206,90.2,69.4,134.4,209,Dunning,NA,NO,NA,NA,Coastal,3,3,Carnivore,Aquatic predator,Aerial
Laridae,"Gulls, Terns, Skimmers",Sterninae,NA,Chinese Crested Tern,Thalasseus bernsteini,Coastal,CR,0,NA,FALSE,FALSE,0,0,0,0,2,1,1,2,0,0,0,0,0,0,0,East Asia-Australasia Flyway,Decreasing,Laridae,Charadriiformes,AVIBASE-FCEF84DC,NA,NA,NA,NA,NA,NA,7,1,5,1,7,59.9,41.7,7.1,11.7,29.8,319.1,213.9,105.3,67,160.7,284,Dunning,NA,NO,NA,NA,Coastal,3,3,Carnivore,Aquatic predator,Aerial
Laridae,"Gulls, Terns, Skimmers",Sterninae,NA,Elegant Tern,Thalasseus elegans,Coastal,NT,1,n,TRUE,TRUE,0,0,2,1,1,1,1,2,0,0,0,0,0,0,0,Americas Flyway,Stable,Laridae,Charadriiformes,AVIBASE-3F9E1C51,NA,NA,NA,NA,NA,NA,5,2,3,0,4,64.4,44.6,5.8,10.3,28.2,296.6,194.5,97.5,66.6,126.6,260,Dunning,NA,NO,NA,NA,Coastal,3,3,Carnivore,Aquatic predator,Aerial
Laridae,"Gulls, Terns, Skimmers",Sterninae,NA,Sandwich Tern,Thalasseus sandvicensis,Coastal,LC,1,o,TRUE,TRUE,0,0,2,1,1,2,2,2,2,2,0,0,0,0,0,"African_Eurasian Flyway,Americas Flyway,Central Asia Flyway",Stable,Laridae,Charadriiformes,AVIBASE-F7504353,NA,NA,NA,NA,NA,NA,14,4,5,5,12,60.5,40.5,5.5,9.7,25.5,288.5,201,88.9,69.3,129,199.8,Dunning,NA,NO,NA,NA,Marine,3,3,Carnivore,Aquatic predator,Aerial
Laridae,"Gulls, Terns, Skimmers",Sterninae,NA,Royal Tern,Thalasseus maximus,Coastal,LC,1,n,TRUE,TRUE,0,0,2,1,1,1,1,1,1,1,2,0,0,0,0,"African_Eurasian Flyway,Americas Flyway",Stable,Laridae,Charadriiformes,AVIBASE-719935EF,NA,NA,NA,NA,NA,NA,9,4,4,1,8,73.5,45.5,8.4,14.9,32.7,364.3,224.1,141,61.4,154.3,415.3,Dunning,NA,NO,NA,NA,Marine,3,3,Carnivore,Aquatic predator,Aerial
Laridae,"Gulls, Terns, Skimmers",Sterninae,NA,Greater Crested Tern,Thalasseus bergii,Coastal,LC,1,o,TRUE,TRUE,2,0,0,2,1,1,1,1,1,1,1,1,0,0,0,"African_Eurasian Flyway,Central Asia Flyway,East Asia-Australasia Flyway",Stable,Laridae,Charadriiformes,AVIBASE-526978C4,NA,NA,NA,NA,NA,NA,5,3,2,0,4,68.6,44.5,7.1,12.7,30,357.8,249,107.5,69.9,172.4,328,Dunning,NA,NO,NA,NA,Coastal,3,3,Carnivore,Aquatic predator,Aerial
Stercorariidae,Skuas,NA,NA,Long-tailed Jaeger,Stercorarius longicaudus,Pelagic,LC,0,NA,TRUE,TRUE,0,0,0,0,2,2,1,2,0,0,0,0,1,1,0,"Atlantic Flyway,Central and Eastern Pacific Flyway",Stable,Stercorariidae,Charadriiformes,AVIBASE-1D446440,50.63,83.11,69.42,-33.46109468,6233403.78,Extant,10,5,5,0,4,32.9,11.2,5.4,9.2,40.7,301.7,181.4,120.2,60.2,245.5,287.9,Dunning,NA,NO,NA,NA,Marine,3,3,Carnivore,Aquatic predator,Aerial
Stercorariidae,Skuas,NA,NA,Arctic Jaeger,Stercorarius parasiticus,Pelagic,LC,1,n,TRUE,TRUE,0,0,0,0,2,1,1,1,1,2,0,0,1,1,0,Atlantic Flyway,Stable,Stercorariidae,Charadriiformes,AVIBASE-39086887,-7.99,81.19,68.31,-11.32852526,6277591.31,Extant,14,6,8,0,8,36.1,12,5.7,9,41.5,310.5,188.3,124.5,60.2,172,444.3,Dunning,NA,NO,NA,NA,Marine,3,3,Carnivore,Aquatic predator,Aerial
Stercorariidae,Skuas,NA,NA,Pomarine Jaeger,Stercorarius pomarinus,Pelagic,LC,0,NA,TRUE,TRUE,0,0,0,0,2,1,1,2,2,0,0,0,0,0,0,"Atlantic Flyway,Central and Eastern Pacific Flyway",Stable,Stercorariidae,Charadriiformes,AVIBASE-7CB8F5B7,-7.99,77.73,70.32,38.74012694,3233984.08,Extant,9,4,5,0,4,45.8,16.1,7.2,12.5,52,350.8,196.1,154.5,55.8,175.6,692.5,Dunning,NA,NO,NA,NA,Marine,3,3,Carnivore,Aquatic predator,Aerial
Stercorariidae,Skuas,NA,NA,Great Skua,Catharacta skua,Pelagic,LC,1,n,TRUE,TRUE,0,0,0,0,2,1,1,2,0,0,0,0,0,0,0,Atlantic Flyway,Stable,NA,NA,NA,57.56,79.56,65.93,0.746075591,16138.54,Extant,5,2,3,0,4,54.4,20.1,10.1,17.3,61.7,394.6,210,183.8,53.3,146.4,1338.22,Dunning,NA,NO,NA,NA,Marine,3,3,Carnivore,Aquatic predator,Aerial
Stercorariidae,Skuas,NA,NA,South Polar Skua,Catharacta maccormicki,Pelagic,LC,1,n,TRUE,TRUE,1,2,0,0,0,0,0,0,0,0,2,1,0,0,0,"Atlantic Flyway,Central and Eastern Pacific Flyway,Western Pacific Flyway",Stable,NA,NA,NA,-82.34,-60.52,-69.84,56.49498406,109012.82,Extant,5,2,3,0,4,52.7,19.6,9.8,17.6,56.2,386.8,192.8,193,50,135,1347.07,Dunning,NA,NO,NA,NA,Marine,3,3,Carnivore,Aquatic predator,Aerial
Stercorariidae,Skuas,NA,NA,Brown Skua,Catharacta antarctica,Pelagic,LC,1,n,TRUE,TRUE,1,2,0,0,0,0,0,0,0,2,1,1,0,0,0,"Atlantic Flyway,Central and Eastern Pacific Flyway,Southern Ocean Flyway",Decreasing,NA,NA,NA,-54.89,-37.06,-51.31,-55.00445952,18247.9,Extant,5,2,3,0,4,57,19.7,10.2,17.7,66.6,378.2,183.8,195.5,48.5,144,1650,EltonTraits_Model,NA,NO,NA,NA,Marine,3,3,Carnivore,Aquatic predator,Aerial
Stercorariidae,Skuas,NA,NA,Chilean Skua,Catharacta chilensis,Pelagic,LC,1,n,TRUE,TRUE,1,1,2,0,0,0,0,0,0,0,2,1,0,0,0,,NA,NA,NA,NA,-55.98,-36.97,-49.03,-71.81985246,274591.67,Extant,5,3,2,0,4,53.6,19.2,10.9,17.9,63.6,379.6,188,188.8,49.9,128.5,1367.77,Dunning,NA,NO,NA,NA,Marine,3,3,Carnivore,Aquatic predator,Aerial
Alcidae,Auks,Aethiinae,NA,Rhinoceros Auklet,Cerorhinca monocerata,Pelagic,LC,0,NA,TRUE,TRUE,0,2,2,2,1,1,1,1,2,0,0,0,1,1,0,,NA,Alcidae,Charadriiformes,AVIBASE-53D94597,33.18,60.51,50.73,-51.05326471,316387.33,Extant,4,2,2,0,4,48.5,25.5,8.5,17.6,29.4,178.8,92.9,85.8,52,51.2,482.2,Dunning,NA,NO,NA,NA,Marine,3,3,Carnivore,Aquatic predator,Aquatic
Alcidae,Auks,Aethiinae,NA,Tufted Puffin,Fratercula cirrhata,Pelagic,LC,0,NA,TRUE,TRUE,0,2,2,2,2,1,1,2,0,0,0,0,1,0,0,Central and Eastern Pacific Flyway,Stable,Alcidae,Charadriiformes,AVIBASE-F7937349,37.47,69.25,53.66,26.01722095,1056388.21,Extant,7,3,3,1,4,56,26.4,10.8,36.1,33.4,194.1,96.6,94.9,50.5,57,774.4,Dunning,NA,NO,NA,NA,Marine,3,3,Carnivore,Aquatic predator,Aquatic
Alcidae,Auks,Aethiinae,NA,Atlantic Puffin,Fratercula arctica,Pelagic,VU,1,n,TRUE,TRUE,0,0,0,2,1,1,2,0,0,0,0,0,1,1,0,Atlantic Flyway,Decreasing,Alcidae,Charadriiformes,AVIBASE-2771624B,43.29,81.07,66.06,-36.65116862,1955692.47,Extant,5,2,3,0,4,51,19.7,8.7,30.1,27.9,163.6,83.8,78.5,51.6,46.4,593,Dunning,NA,NO,NA,NA,Marine,3,3,Carnivore,Aquatic predator,Aquatic
Alcidae,Auks,Aethiinae,NA,Horned Puffin,Fratercula corniculata,Pelagic,LC,0,NA,TRUE,TRUE,0,0,0,0,2,1,1,1,1,2,0,0,0,0,0,,NA,Alcidae,Charadriiformes,AVIBASE-24111FA5,45.26,72.43,56.55,-4.476377814,1467964.71,Extant,6,3,3,0,4,51,16.8,7.3,31.6,32.1,185.5,96.8,88.4,52.3,63.3,536.1,Dunning,NA,NO,NA,NA,Marine,3,3,Carnivore,Aquatic predator,Aquatic
Alcidae,Auks,Aethiinae,NA,Cassin's Auklet,Ptychoramphus aleuticus,Pelagic,NT,0,NA,TRUE,TRUE,1,1,1,1,1,1,1,2,0,0,2,1,1,0,0,,NA,Alcidae,Charadriiformes,AVIBASE-2CF6D6F6,26.99,57.37,48.89,-110.4221861,122916.8,Extant,4,2,2,0,4,24,13.2,6.6,8.5,23.5,121,49.2,71.8,40.7,32.2,184,Dunning,NA,NO,NA,NA,Marine,3,3,Carnivore,Aquatic predator,Aquatic
Alcidae,Auks,Aethiinae,NA,Parakeet Auklet,Aethia psittacula,Pelagic,LC,0,NA,TRUE,TRUE,0,0,0,0,2,1,1,1,2,0,0,0,0,0,0,,NA,Alcidae,Charadriiformes,AVIBASE-2B46719D,46.63,66.76,56.09,-57.8129959,400570.42,Extant,4,2,2,0,4,20.1,8.8,6.2,12.6,29.4,146.2,60.2,86.1,41.1,39,270,Dunning,NA,NO,NA,NA,Marine,3,3,Carnivore,Aquatic predator,Aquatic
Alcidae,Auks,Aethiinae,NA,Least Auklet,Aethia pusilla,Pelagic,LC,0,NA,TRUE,TRUE,0,0,0,2,2,2,1,2,2,0,0,0,0,0,0,,NA,Alcidae,Charadriiformes,AVIBASE-044509DA,47.78,66.43,56.93,-4.905861658,65157.07,Extant,5,2,3,0,4,15,5.7,5,6.4,19,94.4,37.7,55.6,40.4,27,84,Dunning,NA,NO,NA,NA,Marine,3,3,Carnivore,Aquatic predator,Aquatic
Alcidae,Auks,Aethiinae,NA,Whiskered Auklet,Aethia pygmaea,Pelagic,LC,0,NA,TRUE,TRUE,0,0,0,2,1,1,1,2,0,0,0,0,0,0,0,,NA,Alcidae,Charadriiformes,AVIBASE-E3893615,45.16,61.96,52.42,92.80047957,128454.73,Extant,4,2,2,0,4,15.9,6,4.9,7.3,22.6,112.2,45.8,66.4,40.8,31.2,112,Dunning,NA,NO,NA,NA,Marine,3,3,Carnivore,Aquatic predator,Aquatic
Alcidae,Auks,Aethiinae,NA,Crested Auklet,Aethia cristatella,Pelagic,LC,0,NA,TRUE,TRUE,0,0,0,2,2,1,1,2,2,0,0,0,0,0,0,,NA,Alcidae,Charadriiformes,AVIBASE-3DC4EBB8,46.33,66.24,55.91,31.32828794,479141.29,Extant,5,2,3,0,4,21.1,7.1,6.1,10.9,27.4,139.4,61,77.2,44.1,38,259.4,Dunning,NA,NO,NA,NA,Marine,3,3,Carnivore,Aquatic predator,Aquatic
Alcidae,Auks,Alcinae,NA,Long-billed Murrelet,Brachyramphus perdix,Pelagic,NT,0,NA,TRUE,TRUE,0,0,2,2,1,1,1,1,1,2,0,0,0,0,0,,NA,Alcidae,Charadriiformes,AVIBASE-0518820F,42.44,63,54.22,149.8182976,1124351.71,Extant,5,2,2,1,4,31.3,18.1,4.6,6.5,17,134.6,78.8,55,58.9,31.8,220,Dunning,NA,NO,NA,NA,Marine,3,3,Carnivore,Aquatic predator,Aquatic
Alcidae,Auks,Alcinae,NA,Marbled Murrelet,Brachyramphus marmoratus,Pelagic,EN,0,NA,TRUE,TRUE,0,0,2,2,1,1,1,1,1,2,0,0,1,0,0,,NA,Alcidae,Charadriiformes,AVIBASE-31557374,40.85,61.51,54.13,-124.729372,1672345.18,Extant,4,1,2,1,4,24.9,14.4,4.1,5.8,15.2,123.5,72.2,51.2,58.4,31,220,Dunning,NA,NO,NA,NA,Marine,3,3,Carnivore,Aquatic predator,Aquatic
Alcidae,Auks,Alcinae,NA,Kittlitz's Murrelet,Brachyramphus brevirostris,Pelagic,NT,0,NA,TRUE,TRUE,0,0,2,1,1,1,1,2,0,0,0,0,1,0,0,,NA,Alcidae,Charadriiformes,AVIBASE-7AD855E2,51.28,72.16,61.5,-92.92987238,709072.99,Extant,5,2,2,1,5,20.7,9.7,3.7,5.4,15.3,138,73.6,64.4,53.2,36.8,234,Dunning,NA,NO,NA,NA,Marine,3,3,Carnivore,Aquatic predator,Aquatic
Alcidae,Auks,Alcinae,NA,Black Guillemot,Cepphus grylle,Pelagic,LC,1,n,TRUE,TRUE,1,1,1,1,1,1,1,2,0,0,0,2,1,0,0,,NA,Alcidae,Charadriiformes,AVIBASE-B5AA5952,43.21,82.01,68.63,-1.356124123,2115522.94,Extant,4,2,2,0,4,38.1,22.4,5.9,9.5,29.8,154,66.5,87.5,43.1,51,378,Dunning,NA,NO,NA,NA,Marine,3,3,Carnivore,Aquatic predator,Aquatic
Alcidae,Auks,Alcinae,NA,Pigeon Guillemot,Cepphus columba,Pelagic,LC,0,NA,TRUE,TRUE,0,0,0,2,2,2,2,2,2,0,0,0,0,0,0,Central and Eastern Pacific Flyway,Stable,Alcidae,Charadriiformes,AVIBASE-2F5DF476,34.29,69.21,55.77,-72.9713511,1700815.29,Extant,5,3,2,0,4,36.5,22.4,6.1,9.9,32,173.4,69.2,103.5,40.1,46.4,530,Dunning,NA,NO,NA,NA,Marine,3,3,Carnivore,Aquatic predator,Aquatic
Alcidae,Auks,Alcinae,NA,Spectacled Guillemot,Cepphus carbo,Pelagic,LC,0,NA,TRUE,TRUE,0,0,2,2,2,1,1,2,0,0,0,0,0,0,0,,NA,Alcidae,Charadriiformes,AVIBASE-90680520,37.34,63.17,48.53,144.4167272,1737267.71,Extant,4,2,2,0,4,47.8,28.4,6.4,11,35.5,192.2,81,111.3,42.1,52.8,490,Dunning,NA,NO,NA,NA,Marine,3,3,Carnivore,Aquatic predator,Aquatic
Alcidae,Auks,Alcinae,NA,Ancient Murrelet,Synthliboramphus antiquus,Pelagic,LC,0,NA,TRUE,TRUE,0,0,2,2,2,2,2,2,0,0,0,0,1,1,0,,NA,Alcidae,Charadriiformes,AVIBASE-ACA4FEFE,28.93,59.9,50.68,-15.48663978,435862.76,Extant,4,2,2,0,4,23.6,12.7,5,7.1,25.9,135.5,70.2,65.2,51.9,35.5,217.7,Dunning,NA,NO,NA,NA,Marine,3,3,Carnivore,Aquatic predator,Aquatic
Alcidae,Auks,Alcinae,NA,Japanese Murrelet,Synthliboramphus wumizusume,Pelagic,VU,0,NA,TRUE,TRUE,2,2,1,1,2,0,0,0,0,0,0,0,0,0,0,,NA,Alcidae,Charadriiformes,AVIBASE-A332A7CE,29.67,41.82,34.63,134.7560019,571030.78,Extant,4,2,1,1,4,23.4,13.4,5,7.4,24,120.2,59.5,60.8,49.5,50,198,Dunning,NA,NO,NA,NA,Marine,3,3,Carnivore,Aquatic predator,Aquatic
Alcidae,Auks,Alcinae,NA,Scripps's Murrelet,Synthliboramphus scrippsi,Pelagic,VU,0,NA,TRUE,TRUE,0,2,2,2,2,2,2,0,0,0,0,0,0,0,0,,NA,Alcidae,Charadriiformes,AVIBASE-85FE327B,NA,NA,NA,NA,NA,NA,4,2,2,0,4,28.9,16.6,4.8,6.8,24.4,120,60.5,59.5,50.5,31,167,DataFromSplit,NA,NO,NA,NA,Marine,3,3,Carnivore,Aquatic predator,Aquatic
Alcidae,Auks,Alcinae,NA,Guadalupe Murrelet,Synthliboramphus hypoleucus,Pelagic,EN,0,NA,TRUE,TRUE,1,1,1,1,1,1,2,0,0,0,0,2,0,0,0,,NA,Alcidae,Charadriiformes,AVIBASE-2A8D086D,24.78,34.65,29.85,-117.4968498,406853.7,Extant,4,2,2,0,3,26.5,16.6,4.3,6.3,23,119.7,58.3,61.3,48.8,39.2,167,Dunning,NA,NO,NA,NA,Marine,3,3,Carnivore,Aquatic predator,Aquatic
Alcidae,Auks,Alcinae,NA,Craveri's Murrelet,Synthliboramphus craveri,Pelagic,VU,0,NA,TRUE,TRUE,0,2,2,2,2,0,0,0,0,0,0,0,0,0,0,,NA,Alcidae,Charadriiformes,AVIBASE-E04DDBBB,22.18,31.91,26.2,-111.9944509,379404.15,Extant,2,2,0,0,1,23.6,17.7,4.1,5.6,22.4,119.5,55,63,46.6,36.5,151,Dunning,NA,NO,NA,NA,Marine,3,3,Carnivore,Aquatic predator,Aquatic
Alcidae,Auks,Alcinae,NA,Razorbill,Alca torda,Pelagic,LC,1,n,TRUE,TRUE,0,0,2,1,1,1,1,1,2,0,0,0,0,1,0,Atlantic Flyway,Increasing,Alcidae,Charadriiformes,AVIBASE-64F4DD81,43.1,76.41,61.38,-19.92989098,1228730.51,Extant,6,2,2,2,4,42.8,21.1,9.2,23.1,32.4,209.3,116.5,88.5,56.8,94.7,726,Dunning,NA,NO,NA,NA,Marine,3,3,Carnivore,Aquatic predator,Aquatic
Alcidae,Auks,Alcinae,NA,Great Auk,Pinguinus impennis,Pelagic,EX,0,NA,FALSE,FALSE,0,0,0,0,2,2,2,2,0,0,0,0,0,0,0,,NA,NA,NA,NA,NA,NA,NA,NA,NA,NA,NA,NA,NA,NA,NA,NA,NA,NA,NA,NA,NA,NA,NA,NA,NA,NA,NA,NA,NA,NA,NA,NA,NA,NA,NA,NA,NA
Alcidae,Auks,Alcinae,NA,Little Auk,Alle alle,Pelagic,LC,1,n,TRUE,TRUE,0,0,0,2,1,1,1,2,0,0,0,0,0,1,0,Atlantic Flyway,Decreasing,Alcidae,Charadriiformes,AVIBASE-B0932D89,64.2,82.41,78.43,51.09657442,375517.37,Extant,6,3,2,1,4,20.2,11.5,7.6,8.3,20.1,115.8,59.5,56.2,51.3,34.3,180.7,Dunning,NA,NO,NA,NA,Marine,3,3,Carnivore,Aquatic predator,Aquatic
Alcidae,Auks,Alcinae,NA,Thick-billed Murre,Uria lomvia,Pelagic,LC,1,n,TRUE,TRUE,0,0,0,2,1,1,1,1,2,0,0,0,1,1,0,"Atlantic Flyway,Central and Eastern Pacific Flyway",Increasing,Alcidae,Charadriiformes,AVIBASE-B70B5840,45.73,81.71,67.57,13.08659603,2199476.8,Extant,5,2,3,0,4,49.3,27.3,8.6,14.3,33.2,206.8,106.8,99.2,51.9,44.4,964,Dunning,NA,NO,NA,NA,Marine,3,3,Carnivore,Aquatic predator,Aquatic
Alcidae,Auks,Alcinae,NA,Common Murre,Uria aalge,Pelagic,LC,1,n,TRUE,TRUE,0,0,0,2,1,1,1,1,1,2,0,0,1,1,0,"Atlantic Flyway,Central and Eastern Pacific Flyway",Increasing,Alcidae,Charadriiformes,AVIBASE-39F29B55,34.56,78.22,58.79,-17.82477091,1547284.08,Extant,6,4,2,0,4,56.8,37.3,8.1,13.3,35.9,196.3,111.2,82.2,57.5,49.8,991.9,Dunning,NA,NO,NA,NA,Marine,3,3,Carnivore,Aquatic predator,Aquatic
Phaethontidae,Tropicbirds,Phaethontidae,NA,Red-billed Tropicbird,Phaethon aethereus,Pelagic,LC,0,NA,FALSE,FALSE,2,2,2,2,2,2,2,2,2,2,2,2,0,0,1,,NA,Phaethontidae,Phaethontiformes,AVIBASE-7EE005BD,-26.4,39.1,14.4,21.97229237,24455.23,Extant,4,2,2,0,4,66.4,50.5,8.8,20.7,28.9,309.2,211.8,97.5,68.4,100.2,750,Dunning,NA,NO,NA,NA,Marine,3,3,Carnivore,Aquatic predator,Aerial
Phaethontidae,Tropicbirds,Phaethontidae,NA,Red-tailed Tropicbird,Phaethon rubricauda,Pelagic,LC,0,NA,FALSE,FALSE,1,1,1,1,1,2,2,0,0,0,0,2,0,0,0,"Central and Eastern Pacific Flyway,East Indian Ocean Flyway,North Indian Ocean Flyway,Western Pacific Flyway",Decreasing,Phaethontidae,Phaethontiformes,AVIBASE-C412CD62,-35.14,25.96,-19.44,101.1611356,187720.42,Extant,8,2,2,4,4,70.8,53,9.7,21,28.7,330.5,226,102.2,68.8,99.8,671.9,Dunning,NA,NO,NA,NA,Marine,3,3,Carnivore,Aquatic predator,Aerial
Phaethontidae,Tropicbirds,Phaethontidae,NA,White-tailed Tropicbird,Phaethon lepturus,Pelagic,LC,0,NA,FALSE,FALSE,2,2,2,2,2,2,2,2,2,2,2,2,0,0,1,"Atlantic Flyway,Central and Eastern Pacific Flyway,East Indian Ocean Flyway,North Indian Ocean Flyway,Western Pacific Flyway",Decreasing,Phaethontidae,Phaethontiformes,AVIBASE-1D07B501,-27.65,32.39,-9,57.91490946,88168.39,Extant,5,2,3,0,4,54.7,40.7,6.8,15.5,20.6,269.4,188.5,79.5,70.4,108.2,328,Dunning,NA,NO,NA,NA,Marine,3,3,Carnivore,Aquatic predator,Aerial